-- MySQL dump 10.13  Distrib 8.0.38, for macos14 (arm64)
--
-- Host: INSERT    Database: sbd_icms
-- ------------------------------------------------------
-- Server version	8.0.39

/*!40101 SET @OLD_CHARACTER_SET_CLIENT=@@CHARACTER_SET_CLIENT */;
/*!40101 SET @OLD_CHARACTER_SET_RESULTS=@@CHARACTER_SET_RESULTS */;
/*!40101 SET @OLD_COLLATION_CONNECTION=@@COLLATION_CONNECTION */;
/*!50503 SET NAMES utf8 */;
/*!40103 SET @OLD_TIME_ZONE=@@TIME_ZONE */;
/*!40103 SET TIME_ZONE='+00:00' */;
/*!40014 SET @OLD_UNIQUE_CHECKS=@@UNIQUE_CHECKS, UNIQUE_CHECKS=0 */;
/*!40014 SET @OLD_FOREIGN_KEY_CHECKS=@@FOREIGN_KEY_CHECKS, FOREIGN_KEY_CHECKS=0 */;
/*!40101 SET @OLD_SQL_MODE=@@SQL_MODE, SQL_MODE='NO_AUTO_VALUE_ON_ZERO' */;
/*!40111 SET @OLD_SQL_NOTES=@@SQL_NOTES, SQL_NOTES=0 */;
SET @MYSQLDUMP_TEMP_LOG_BIN = @@SESSION.SQL_LOG_BIN;
SET @@SESSION.SQL_LOG_BIN= 0;

--
-- GTID state at the beginning of the backup 
--

SET @@GLOBAL.GTID_PURGED=/*!80000 '+'*/ '';

--
-- Table structure for table `characteristics`
--

DROP TABLE IF EXISTS `characteristics`;
/*!40101 SET @saved_cs_client     = @@character_set_client */;
/*!50503 SET character_set_client = utf8mb4 */;
CREATE TABLE `characteristics` (
  `item_id` int NOT NULL,
  `trait_id` int NOT NULL,
  PRIMARY KEY (`item_id`,`trait_id`),
  KEY `trait_id` (`trait_id`),
  CONSTRAINT `characteristics_ibfk_1` FOREIGN KEY (`item_id`) REFERENCES `item` (`item_id`),
  CONSTRAINT `characteristics_ibfk_2` FOREIGN KEY (`trait_id`) REFERENCES `traits` (`trait_id`)
) ENGINE=InnoDB DEFAULT CHARSET=utf8mb4 COLLATE=utf8mb4_0900_ai_ci;
/*!40101 SET character_set_client = @saved_cs_client */;

--
-- Dumping data for table `characteristics`
--

LOCK TABLES `characteristics` WRITE;
/*!40000 ALTER TABLE `characteristics` DISABLE KEYS */;
INSERT INTO `characteristics` VALUES (1,1),(9,1),(10,1),(41,1),(42,1),(43,1),(45,1),(46,1),(47,1),(50,1),(71,1),(78,1),(79,1),(80,1),(121,1),(122,1),(123,1),(126,1),(128,1),(129,1),(131,1),(132,1),(133,1),(134,1),(136,1),(137,1),(138,1),(139,1),(140,1),(161,1),(163,1),(166,1),(167,1),(168,1),(169,1),(2,2),(4,2),(8,2),(9,2),(93,2),(95,2),(97,2),(98,2),(122,2),(123,2),(125,2),(126,2),(129,2),(130,2),(131,2),(132,2),(133,2),(134,2),(135,2),(136,2),(137,2),(138,2),(140,2),(141,2),(142,2),(143,2),(144,2),(148,2),(150,2),(151,2),(153,2),(157,2),(159,2),(160,2),(2,4),(3,4),(5,4),(6,4),(7,4),(8,4),(10,4),(131,4),(132,4),(133,4),(137,4),(138,4),(140,4),(151,4),(152,4),(153,4),(154,4),(155,4),(156,4),(159,4),(161,4),(162,4),(164,4),(166,4),(167,4),(168,4),(169,4),(31,6),(32,6),(33,6),(34,6),(35,6),(37,6),(39,6),(40,6),(101,7),(102,7),(103,7),(104,7),(105,7),(106,7),(107,7),(108,7),(109,7),(110,7),(12,10),(19,10),(20,10),(113,10),(114,10),(116,10),(117,10),(15,11),(17,11),(61,11),(62,11),(63,11),(64,11),(67,11),(69,11),(70,11),(13,12),(17,12),(61,12),(62,12),(63,12),(64,12),(65,12),(68,12),(69,12),(70,12),(16,13),(32,14),(33,14),(36,14),(37,14),(32,15),(37,15),(38,15),(39,15),(61,17),(62,17),(63,17),(64,17),(66,17),(67,17),(68,17),(69,17),(70,17),(61,18),(62,18),(63,18),(64,18),(65,18),(66,18),(68,18),(69,18),(70,18),(13,19),(19,19),(119,19),(12,20),(18,20),(112,20),(114,20),(115,20),(116,20),(119,20),(16,21),(20,21),(117,21),(112,22),(113,22),(116,22),(118,22),(119,22),(115,23),(116,23),(117,23),(120,23),(11,28),(13,28),(14,28),(17,28),(18,28),(121,28),(122,28),(124,28),(126,28),(130,28),(191,28),(192,28),(193,28),(196,28),(197,28),(198,28),(199,28),(200,28),(13,30),(15,30),(17,30),(111,30),(112,30),(118,30),(126,34),(127,34),(128,34),(129,34),(130,34),(191,35),(193,35),(195,35),(197,35),(198,35),(199,35),(200,35),(2,36),(9,36),(10,36),(23,36),(25,36),(71,36),(72,36),(73,36),(76,36),(79,36),(80,36),(164,36),(165,36),(167,36),(168,36),(169,36),(170,36),(26,37),(27,37),(29,37),(30,37),(51,37),(52,37),(53,37),(54,37),(55,37),(56,37),(57,37),(58,37),(59,37),(60,37),(72,37),(74,37),(76,37),(79,37),(80,37),(191,37),(192,37),(193,37),(194,37),(197,37),(22,38),(23,38),(24,38),(25,38),(27,38),(28,38),(29,38),(30,38),(71,38),(72,38),(75,38),(76,38),(77,38),(79,38),(80,38),(91,38),(92,38),(93,38),(96,38),(99,38),(100,38),(28,39),(29,39),(30,39),(93,39),(94,39),(95,39),(97,39),(98,39),(99,39),(1,40),(10,40),(21,40),(22,40),(23,40),(26,40),(29,40),(30,40),(71,40),(76,40),(77,40),(81,40),(82,40),(83,40),(84,40),(85,40),(86,40),(87,40),(88,40),(89,40),(90,40),(151,40),(156,40),(158,40),(159,40),(160,40),(182,40),(183,40),(184,40),(187,40),(188,40),(189,40),(190,40),(41,41),(43,41),(45,41),(46,41),(48,41),(50,41),(141,41),(142,41),(143,41),(145,41),(146,41),(147,41),(148,41),(150,41),(171,41),(172,41),(173,41),(177,41),(178,41),(180,41),(181,41),(184,41),(185,41),(188,41),(189,41),(190,41),(4,42),(5,42),(7,42),(9,42),(41,42),(43,42),(44,42),(45,42),(46,42),(47,42),(48,42),(49,42),(50,42),(142,42),(144,42),(146,42),(148,42),(149,42),(171,42),(172,42),(173,42),(174,42),(175,42),(176,42),(177,42),(178,42),(179,42),(180,42),(184,42),(186,42),(187,42),(188,42),(189,42),(190,42);
/*!40000 ALTER TABLE `characteristics` ENABLE KEYS */;
UNLOCK TABLES;

--
-- Table structure for table `customer`
--

DROP TABLE IF EXISTS `customer`;
/*!40101 SET @saved_cs_client     = @@character_set_client */;
/*!50503 SET character_set_client = utf8mb4 */;
CREATE TABLE `customer` (
  `cust_id` int NOT NULL AUTO_INCREMENT,
  `cust_name` varchar(50) NOT NULL,
  `cust_phone` varchar(15) NOT NULL,
  `loc_id` int NOT NULL,
  `cust_points` int DEFAULT NULL,
  PRIMARY KEY (`cust_id`),
  UNIQUE KEY `cust_phone` (`cust_phone`),
  KEY `loc_id` (`loc_id`),
  CONSTRAINT `customer_ibfk_1` FOREIGN KEY (`loc_id`) REFERENCES `location` (`loc_id`)
) ENGINE=InnoDB AUTO_INCREMENT=81 DEFAULT CHARSET=utf8mb4 COLLATE=utf8mb4_0900_ai_ci;
/*!40101 SET character_set_client = @saved_cs_client */;

--
-- Dumping data for table `customer`
--

LOCK TABLES `customer` WRITE;
/*!40000 ALTER TABLE `customer` DISABLE KEYS */;
INSERT INTO `customer` VALUES (1,'John Smith','(312) 555-1001',1,320),(2,'Emily Johnson','(317) 555-1002',2,540),(3,'Michael Brown','(614) 555-1003',3,60),(4,'Sarah Davis','(737) 555-1004',4,180),(5,'David Wilson','(310) 555-1005',5,700),(6,'Emma Moore','(407) 555-1006',6,190),(7,'James Taylor','(413) 555-1007',7,500),(8,'Olivia Anderson','(315) 555-1008',8,800),(9,'William Thomas','(719) 555-1009',9,110),(10,'Sophia Jackson','(401) 555-1010',10,675),(11,'Alexander White','(785) 555-1011',1,840),(12,'Charlotte Harris','(928) 555-1012',2,250),(13,'Benjamin Martin','(503) 555-1013',3,580),(14,'Mia Thompson','(773) 555-1014',4,970),(15,'Lucas Garcia','(317) 555-1015',5,310),(16,'Amelia Martinez','(707) 555-1016',6,200),(17,'Henry Clark','(203) 555-1017',7,60),(18,'Evelyn Rodriguez','(360) 555-1018',8,990),(19,'Daniel Lewis','(860) 555-1019',9,120),(20,'Grace Lee','(425) 555-1020',10,870),(21,'Matthew Walker','(312) 555-1021',1,480),(22,'Scarlett Hall','(317) 555-1022',2,720),(23,'Andrew Young','(614) 555-1023',3,990),(24,'Chloe Allen','(737) 555-1024',4,60),(25,'Jack King','(310) 555-1025',5,870),(26,'Ella Scott','(407) 555-1026',6,85),(27,'Ryan Green','(413) 555-1027',7,145),(28,'Abigail Baker','(315) 555-1028',8,650),(29,'Ethan Adams','(719) 555-1029',9,940),(30,'Isabella Gonzalez','(401) 555-1030',10,295),(31,'Logan Nelson','(785) 555-1031',1,200),(32,'Ava Carter','(928) 555-1032',2,830),(33,'Caleb Perez','(503) 555-1033',3,610),(34,'Harper Mitchell','(773) 555-1034',4,140),(35,'Mason Roberts','(317) 555-1035',5,910),(36,'Layla Ramirez','(707) 555-1036',6,470),(37,'Sebastian Phillips','(203) 555-1037',7,340),(38,'Zoe Campbell','(360) 555-1038',8,160),(39,'Owen Parker','(860) 555-1039',9,225),(40,'Aria Evans','(425) 555-1040',10,460),(41,'Nathan Edwards','(312) 555-1041',1,900),(42,'Lily Collins','(317) 555-1042',2,300),(43,'Dylan Morris','(614) 555-1043',3,495),(44,'Victoria Stewart','(737) 555-1044',4,770),(45,'Anthony Sanchez','(310) 555-1045',5,480),(46,'Hannah Torres','(407) 555-1046',6,780),(47,'Wyatt Brooks','(413) 555-1047',7,555),(48,'Addison Gray','(315) 555-1048',8,640),(49,'Carter Reed','(719) 555-1049',9,400),(50,'Penelope Foster','(401) 555-1050',10,275),(51,'Eleanor Rivera','(785) 555-1051',1,310),(52,'Nathaniel Simmons','(928) 555-1052',2,450),(53,'Mila Patterson','(503) 555-1053',3,220),(54,'Oliver Ward','(773) 555-1054',4,920),(55,'Charlotte Flores','(317) 555-1055',5,180),(56,'Elijah Cooper','(707) 555-1056',6,430),(57,'Camila Brooks','(203) 555-1057',7,620),(58,'Samuel Kelly','(360) 555-1058',8,800),(59,'Luna Powell','(860) 555-1059',9,120),(60,'Julian Hughes','(425) 555-1060',10,910),(61,'Hazel Price','(312) 555-1061',1,520),(62,'Isaac Torres','(317) 555-1062',2,760),(63,'Nova Bennett','(614) 555-1063',3,340),(64,'Aiden Sanders','(737) 555-1064',4,680),(65,'Ellie Fisher','(310) 555-1065',5,480),(66,'Levi Bryant','(407) 555-1066',6,300),(67,'Violet Bell','(413) 555-1067',7,770),(68,'Grayson Carter','(315) 555-1068',8,650),(69,'Aurora Coleman','(719) 555-1069',9,240),(70,'Caleb Foster','(401) 555-1070',10,190),(71,'Savannah Long','(785) 555-1071',1,430),(72,'Zachary Alexander','(928) 555-1072',2,690),(73,'Claire Patterson','(503) 555-1073',3,410),(74,'Lincoln Jenkins','(773) 555-1074',4,950),(75,'Scarlett Bailey','(317) 555-1075',5,380),(76,'Hudson Bryant','(707) 555-1076',6,120),(77,'Paisley Graham','(203) 555-1077',7,230),(78,'Harrison Reed','(360) 555-1078',8,540),(79,'Madelyn Cooper','(860) 555-1079',9,740),(80,'Easton Flores','(425) 555-1080',10,360);
/*!40000 ALTER TABLE `customer` ENABLE KEYS */;
UNLOCK TABLES;

--
-- Table structure for table `department`
--

DROP TABLE IF EXISTS `department`;
/*!40101 SET @saved_cs_client     = @@character_set_client */;
/*!50503 SET character_set_client = utf8mb4 */;
CREATE TABLE `department` (
  `dept_id` int NOT NULL AUTO_INCREMENT,
  `dept_name` varchar(15) NOT NULL,
  PRIMARY KEY (`dept_id`),
  UNIQUE KEY `dept_name` (`dept_name`)
) ENGINE=InnoDB AUTO_INCREMENT=22 DEFAULT CHARSET=utf8mb4 COLLATE=utf8mb4_0900_ai_ci;
/*!40101 SET character_set_client = @saved_cs_client */;

--
-- Dumping data for table `department`
--

LOCK TABLES `department` WRITE;
/*!40000 ALTER TABLE `department` DISABLE KEYS */;
INSERT INTO `department` VALUES (20,'Art Supplies'),(9,'Beauty'),(6,'Books'),(2,'Clothing'),(1,'Electronics'),(15,'Fitness Equipme'),(12,'Footwear'),(8,'Furniture'),(3,'Home Goods'),(16,'Home Office'),(7,'Jewelry'),(13,'Music'),(10,'Office Supplies'),(18,'Outdoor Gear'),(11,'Pet Supplies'),(17,'Smart Home Devi'),(5,'Sporting Goods'),(19,'Tools & Hardwar'),(4,'Toys'),(14,'Video Games');
/*!40000 ALTER TABLE `department` ENABLE KEYS */;
UNLOCK TABLES;

--
-- Table structure for table `employee`
--

DROP TABLE IF EXISTS `employee`;
/*!40101 SET @saved_cs_client     = @@character_set_client */;
/*!50503 SET character_set_client = utf8mb4 */;
CREATE TABLE `employee` (
  `emp_id` int NOT NULL AUTO_INCREMENT,
  `loc_id` int NOT NULL,
  `store_id` int NOT NULL,
  `dept_id` int NOT NULL,
  `emp_name` varchar(50) NOT NULL,
  `employee_salary` decimal(10,2) DEFAULT NULL,
  PRIMARY KEY (`emp_id`),
  KEY `loc_id` (`loc_id`),
  KEY `store_id` (`store_id`),
  KEY `dept_id` (`dept_id`),
  CONSTRAINT `employee_ibfk_1` FOREIGN KEY (`loc_id`) REFERENCES `location` (`loc_id`),
  CONSTRAINT `employee_ibfk_2` FOREIGN KEY (`store_id`) REFERENCES `store` (`store_id`),
  CONSTRAINT `employee_ibfk_3` FOREIGN KEY (`dept_id`) REFERENCES `department` (`dept_id`)
) ENGINE=InnoDB AUTO_INCREMENT=67 DEFAULT CHARSET=utf8mb4 COLLATE=utf8mb4_0900_ai_ci;
/*!40101 SET character_set_client = @saved_cs_client */;

--
-- Dumping data for table `employee`
--

LOCK TABLES `employee` WRITE;
/*!40000 ALTER TABLE `employee` DISABLE KEYS */;
INSERT INTO `employee` VALUES (1,1,1,1,'John Doe',50000.00),(2,1,1,2,'Liam Parker',46000.00),(3,1,1,3,'Olivia Brown',47000.00),(4,1,1,4,'Emma Wilson',48000.00),(5,1,1,5,'Mason Green',49000.00),(6,1,1,6,'Sophia Turner',51000.00),(7,2,2,2,'Jane Smith',45000.00),(8,2,2,3,'Lucas Perez',47000.00),(9,2,2,4,'Harper Nelson',48000.00),(10,2,2,5,'Lily Edwards',49000.00),(11,2,2,6,'Henry Rogers',51000.00),(12,2,2,7,'Grace Stewart',43000.00),(13,3,3,3,'Michael Brown',47000.00),(14,3,3,4,'Ethan Price',46000.00),(15,3,3,5,'Avery Hill',48000.00),(16,3,3,6,'Mia James',45000.00),(17,3,3,7,'Lucas Bailey',49000.00),(18,3,3,8,'Zoe Cook',52000.00),(19,4,4,4,'Emily Davis',48000.00),(20,4,4,5,'Liam Stewart',47000.00),(21,4,4,6,'Sophia Wood',49000.00),(22,4,4,7,'Jack Bell',43000.00),(23,4,4,8,'Lily Foster',45000.00),(24,4,4,9,'William Rivera',53000.00),(25,5,5,5,'Chris Wilson',51000.00),(26,5,5,6,'Nora Bennett',45000.00),(27,5,5,7,'Daniel Johnson',52000.00),(28,5,5,8,'Chloe Sanders',49000.00),(29,5,5,9,'Oliver Brooks',46000.00),(30,5,5,10,'Ella Cooper',47000.00),(31,6,6,6,'Amanda Taylor',43000.00),(32,6,6,7,'Charlotte King',46000.00),(33,6,6,8,'Hannah Ward',51000.00),(34,6,6,9,'Benjamin Scott',49000.00),(35,6,6,10,'Amelia Green',47000.00),(36,6,6,1,'Isabella Hughes',52000.00),(37,7,7,7,'Daniel Johnson',52000.00),(38,7,7,8,'Lucas Thompson',49000.00),(39,7,7,9,'Sarah Gray',45000.00),(40,7,7,10,'Matthew Lewis',46000.00),(41,7,7,1,'Sophia Wright',51000.00),(42,7,7,2,'Ethan Lee',47000.00),(43,8,8,8,'Olivia Moore',49000.00),(44,8,8,9,'Mason Scott',46000.00),(45,8,8,10,'Emma Clark',47000.00),(46,8,8,1,'James Brown',48000.00),(47,8,8,2,'Lucas Evans',49000.00),(48,8,8,3,'Ella Martinez',50000.00),(49,9,9,9,'Sarah Clark',45000.00),(50,9,9,10,'Noah Walker',52000.00),(51,9,9,1,'Jack Taylor',50000.00),(52,9,9,2,'Liam Young',48000.00),(53,9,9,3,'Mia Torres',49000.00),(54,9,9,4,'Isabella Reed',47000.00),(55,10,10,10,'Matthew Martinez',46000.00),(56,10,10,1,'Sophia Price',51000.00),(57,10,10,2,'Avery Jenkins',47000.00),(58,10,10,3,'Zoe Coleman',48000.00),(59,10,10,4,'Ethan Hughes',49000.00),(60,10,10,5,'Grace Watson',52000.00),(61,21,21,1,'Ava Baker',50000.00),(62,21,21,2,'Stella Hunt',47000.00),(63,21,21,3,'Lucas Perez',47000.00),(64,21,21,4,'Mason Rogers',51000.00),(65,21,21,5,'Lily Foster',49000.00),(66,21,21,6,'Jack Bell',52000.00);
/*!40000 ALTER TABLE `employee` ENABLE KEYS */;
UNLOCK TABLES;

--
-- Table structure for table `inventory`
--

DROP TABLE IF EXISTS `inventory`;
/*!40101 SET @saved_cs_client     = @@character_set_client */;
/*!50503 SET character_set_client = utf8mb4 */;
CREATE TABLE `inventory` (
  `store_id` int NOT NULL,
  `item_id` int NOT NULL,
  `inv_count` smallint DEFAULT NULL,
  PRIMARY KEY (`store_id`,`item_id`),
  KEY `item_id` (`item_id`),
  CONSTRAINT `inventory_ibfk_1` FOREIGN KEY (`store_id`) REFERENCES `store` (`store_id`),
  CONSTRAINT `inventory_ibfk_2` FOREIGN KEY (`item_id`) REFERENCES `item` (`item_id`)
) ENGINE=InnoDB DEFAULT CHARSET=utf8mb4 COLLATE=utf8mb4_0900_ai_ci;
/*!40101 SET character_set_client = @saved_cs_client */;

--
-- Dumping data for table `inventory`
--

LOCK TABLES `inventory` WRITE;
/*!40000 ALTER TABLE `inventory` DISABLE KEYS */;
INSERT INTO `inventory` VALUES (1,1,141),(1,2,186),(1,3,80),(1,4,62),(1,5,191),(1,6,166),(1,7,33),(1,8,23),(1,9,36),(1,10,50),(1,11,52),(1,12,147),(1,13,32),(1,14,195),(1,15,64),(1,16,25),(1,17,31),(1,18,142),(1,19,133),(1,20,71),(1,21,98),(1,22,40),(1,23,47),(1,24,151),(1,25,140),(1,26,156),(1,27,114),(1,28,19),(1,29,111),(1,30,120),(1,31,54),(1,32,6),(1,33,153),(1,34,84),(1,35,43),(1,36,14),(1,37,41),(1,38,143),(1,39,166),(1,40,108),(1,41,147),(1,42,14),(1,43,56),(1,44,149),(1,45,173),(1,46,174),(1,47,173),(1,48,105),(1,49,35),(1,50,39),(1,51,140),(1,52,158),(1,53,55),(1,54,119),(1,55,73),(1,56,97),(1,57,109),(1,58,191),(1,59,35),(1,60,32),(1,61,125),(1,62,9),(1,63,66),(1,64,168),(1,65,53),(1,66,100),(1,67,25),(1,68,86),(1,69,53),(1,70,187),(1,71,56),(1,72,180),(1,73,177),(1,74,24),(1,75,150),(1,76,85),(1,77,105),(1,78,164),(1,79,137),(1,80,37),(1,81,56),(1,82,31),(1,83,110),(1,84,78),(1,85,124),(1,86,142),(1,87,51),(1,88,86),(1,89,17),(1,90,175),(1,91,185),(1,92,40),(1,93,42),(1,94,101),(1,95,20),(1,96,136),(1,97,52),(1,98,58),(1,99,167),(1,100,190),(1,101,82),(1,102,169),(1,103,123),(1,104,143),(1,105,63),(1,106,178),(1,107,150),(1,108,36),(1,109,109),(1,110,187),(1,111,50),(1,112,150),(1,113,12),(1,114,191),(1,115,33),(1,116,164),(1,117,89),(1,118,37),(1,119,188),(1,120,18),(1,121,22),(1,122,152),(1,123,105),(1,124,140),(1,125,36),(1,126,53),(1,127,119),(1,128,76),(1,129,34),(1,130,93),(1,131,133),(1,132,85),(1,133,144),(1,134,129),(1,135,162),(1,136,176),(1,137,9),(1,138,166),(1,139,137),(1,140,16),(1,141,178),(1,142,105),(1,143,49),(1,144,45),(1,145,112),(1,146,101),(1,147,2),(1,148,122),(1,149,4),(1,150,161),(1,151,107),(1,152,56),(1,153,116),(1,154,128),(1,155,2),(1,156,19),(1,157,140),(1,158,37),(1,159,85),(1,160,184),(1,161,88),(1,162,154),(1,163,41),(1,164,160),(1,165,196),(1,166,83),(1,167,66),(1,168,192),(1,169,83),(1,170,152),(1,171,80),(1,172,137),(1,173,162),(1,174,1),(1,175,66),(1,176,56),(1,177,52),(1,178,165),(1,179,65),(1,180,169),(1,181,195),(1,182,144),(1,183,89),(1,184,37),(1,185,33),(1,186,156),(1,187,72),(1,188,42),(1,189,129),(1,190,182),(1,191,125),(1,192,95),(1,193,193),(1,194,107),(1,195,109),(1,196,171),(1,197,190),(1,198,170),(1,199,11),(1,200,138),(2,1,189),(2,2,33),(2,3,73),(2,4,70),(2,5,140),(2,6,47),(2,7,91),(2,8,48),(2,9,40),(2,10,167),(2,11,122),(2,12,39),(2,13,165),(2,14,85),(2,15,145),(2,16,19),(2,17,90),(2,18,58),(2,19,94),(2,20,23),(2,21,64),(2,22,38),(2,23,30),(2,24,55),(2,25,124),(2,26,90),(2,27,103),(2,28,187),(2,29,17),(2,30,168),(2,31,151),(2,32,157),(2,33,85),(2,34,43),(2,35,54),(2,36,157),(2,37,34),(2,38,183),(2,39,37),(2,40,178),(2,41,199),(2,42,153),(2,43,189),(2,44,29),(2,45,112),(2,46,190),(2,47,187),(2,48,99),(2,49,29),(2,50,24),(2,51,124),(2,52,159),(2,53,145),(2,54,174),(2,55,122),(2,56,134),(2,57,150),(2,58,98),(2,59,17),(2,60,133),(2,61,138),(2,62,19),(2,63,68),(2,64,18),(2,65,149),(2,66,80),(2,67,78),(2,68,22),(2,69,188),(2,70,120),(2,71,36),(2,72,141),(2,73,107),(2,74,83),(2,75,152),(2,76,123),(2,77,12),(2,78,67),(2,79,163),(2,80,104),(2,81,13),(2,82,155),(2,83,55),(2,84,156),(2,85,149),(2,86,114),(2,87,48),(2,88,109),(2,89,56),(2,90,111),(2,91,106),(2,92,165),(2,93,163),(2,94,89),(2,95,28),(2,96,152),(2,97,125),(2,98,185),(2,99,70),(2,100,87),(2,101,184),(2,102,124),(2,103,132),(2,104,195),(2,105,162),(2,106,142),(2,107,165),(2,108,45),(2,109,155),(2,110,68),(2,111,44),(2,112,29),(2,113,4),(2,114,56),(2,115,53),(2,116,186),(2,117,194),(2,118,19),(2,119,107),(2,120,192),(2,121,196),(2,122,103),(2,123,154),(2,124,163),(2,125,94),(2,126,27),(2,127,122),(2,128,14),(2,129,71),(2,130,139),(2,131,106),(2,132,100),(2,133,106),(2,134,80),(2,135,23),(2,136,123),(2,137,193),(2,138,79),(2,139,46),(2,140,7),(2,141,166),(2,142,64),(2,143,17),(2,144,28),(2,145,185),(2,146,168),(2,147,200),(2,148,143),(2,149,96),(2,150,159),(2,151,85),(2,152,27),(2,153,185),(2,154,38),(2,155,97),(2,156,86),(2,157,26),(2,158,107),(2,159,157),(2,160,31),(2,161,133),(2,162,159),(2,163,5),(2,164,92),(2,165,47),(2,166,52),(2,167,171),(2,168,165),(2,169,147),(2,170,96),(2,171,100),(2,172,175),(2,173,18),(2,174,164),(2,175,69),(2,176,48),(2,177,63),(2,178,10),(2,179,43),(2,180,192),(2,181,109),(2,182,42),(2,183,152),(2,184,149),(2,185,150),(2,186,82),(2,187,35),(2,188,31),(2,189,159),(2,190,77),(2,191,40),(2,192,191),(2,193,146),(2,194,70),(2,195,176),(2,196,114),(2,197,171),(2,198,9),(2,199,177),(2,200,2),(3,1,80),(3,2,110),(3,3,12),(3,4,54),(3,5,139),(3,6,148),(3,7,88),(3,8,14),(3,9,105),(3,10,133),(3,11,180),(3,12,106),(3,13,172),(3,14,117),(3,15,156),(3,16,14),(3,17,138),(3,18,183),(3,19,9),(3,20,155),(3,21,51),(3,22,47),(3,23,92),(3,24,197),(3,25,166),(3,26,152),(3,27,153),(3,28,37),(3,29,52),(3,30,105),(3,31,68),(3,32,3),(3,33,120),(3,34,124),(3,35,54),(3,36,10),(3,37,7),(3,38,189),(3,39,66),(3,40,112),(3,41,105),(3,42,174),(3,43,143),(3,44,168),(3,45,63),(3,46,65),(3,47,193),(3,48,98),(3,49,149),(3,50,157),(3,51,175),(3,52,169),(3,53,58),(3,54,168),(3,55,51),(3,56,139),(3,57,176),(3,58,6),(3,59,166),(3,60,93),(3,61,17),(3,62,22),(3,63,167),(3,64,68),(3,65,75),(3,66,156),(3,67,157),(3,68,15),(3,69,158),(3,70,105),(3,71,136),(3,72,184),(3,73,23),(3,74,73),(3,75,68),(3,76,77),(3,77,175),(3,78,80),(3,79,125),(3,80,86),(3,81,156),(3,82,188),(3,83,48),(3,84,138),(3,85,15),(3,86,157),(3,87,168),(3,88,147),(3,89,67),(3,90,58),(3,91,153),(3,92,35),(3,93,194),(3,94,187),(3,95,33),(3,96,4),(3,97,96),(3,98,109),(3,99,54),(3,100,188),(3,101,120),(3,102,74),(3,103,168),(3,104,85),(3,105,54),(3,106,189),(3,107,157),(3,108,118),(3,109,119),(3,110,76),(3,111,144),(3,112,8),(3,113,105),(3,114,130),(3,115,194),(3,116,84),(3,117,139),(3,118,146),(3,119,48),(3,120,138),(3,121,53),(3,122,173),(3,123,46),(3,124,172),(3,125,14),(3,126,160),(3,127,114),(3,128,1),(3,129,149),(3,130,174),(3,131,168),(3,132,178),(3,133,49),(3,134,148),(3,135,163),(3,136,53),(3,137,25),(3,138,39),(3,139,78),(3,140,186),(3,141,135),(3,142,189),(3,143,79),(3,144,39),(3,145,181),(3,146,150),(3,147,65),(3,148,72),(3,149,88),(3,150,40),(3,151,123),(3,152,159),(3,153,20),(3,154,182),(3,155,83),(3,156,159),(3,157,89),(3,158,162),(3,159,131),(3,160,61),(3,161,130),(3,162,150),(3,163,83),(3,164,188),(3,165,77),(3,166,87),(3,167,159),(3,168,36),(3,169,79),(3,170,172),(3,171,65),(3,172,113),(3,173,199),(3,174,52),(3,175,155),(3,176,22),(3,177,130),(3,178,110),(3,179,187),(3,180,78),(3,181,169),(3,182,98),(3,183,8),(3,184,193),(3,185,177),(3,186,47),(3,187,139),(3,188,53),(3,189,70),(3,190,173),(3,191,111),(3,192,143),(3,193,192),(3,194,132),(3,195,86),(3,196,195),(3,197,158),(3,198,184),(3,199,58),(3,200,11),(4,1,69),(4,2,153),(4,3,157),(4,4,108),(4,5,158),(4,6,11),(4,7,128),(4,8,189),(4,9,155),(4,10,79),(4,11,41),(4,12,169),(4,13,95),(4,14,145),(4,15,142),(4,16,71),(4,17,112),(4,18,79),(4,19,163),(4,20,33),(4,21,175),(4,22,81),(4,23,22),(4,24,44),(4,25,58),(4,26,147),(4,27,168),(4,28,110),(4,29,154),(4,30,44),(4,31,110),(4,32,109),(4,33,109),(4,34,96),(4,35,161),(4,36,33),(4,37,136),(4,38,107),(4,39,104),(4,40,102),(4,41,78),(4,42,192),(4,43,183),(4,44,97),(4,45,148),(4,46,114),(4,47,134),(4,48,4),(4,49,186),(4,50,51),(4,51,161),(4,52,60),(4,53,179),(4,54,186),(4,55,165),(4,56,12),(4,57,25),(4,58,63),(4,59,115),(4,60,33),(4,61,143),(4,62,57),(4,63,76),(4,64,168),(4,65,75),(4,66,71),(4,67,137),(4,68,19),(4,69,18),(4,70,23),(4,71,152),(4,72,34),(4,73,24),(4,74,17),(4,75,124),(4,76,102),(4,77,99),(4,78,177),(4,79,183),(4,80,90),(4,81,20),(4,82,86),(4,83,147),(4,84,174),(4,85,34),(4,86,54),(4,87,68),(4,88,20),(4,89,6),(4,90,126),(4,91,25),(4,92,94),(4,93,26),(4,94,145),(4,95,129),(4,96,128),(4,97,116),(4,98,66),(4,99,158),(4,100,167),(4,101,68),(4,102,70),(4,103,8),(4,104,12),(4,105,76),(4,106,180),(4,107,106),(4,108,83),(4,109,175),(4,110,56),(4,111,125),(4,112,13),(4,113,168),(4,114,79),(4,115,84),(4,116,170),(4,117,4),(4,118,19),(4,119,179),(4,120,23),(4,121,66),(4,122,158),(4,123,5),(4,124,2),(4,125,181),(4,126,131),(4,127,138),(4,128,38),(4,129,11),(4,130,137),(4,131,68),(4,132,95),(4,133,124),(4,134,114),(4,135,170),(4,136,192),(4,137,144),(4,138,123),(4,139,123),(4,140,12),(4,141,122),(4,142,31),(4,143,172),(4,144,154),(4,145,33),(4,146,41),(4,147,169),(4,148,11),(4,149,23),(4,150,75),(4,151,78),(4,152,166),(4,153,54),(4,154,132),(4,155,63),(4,156,17),(4,157,111),(4,158,15),(4,159,96),(4,160,50),(4,161,173),(4,162,130),(4,163,176),(4,164,130),(4,165,133),(4,166,119),(4,167,2),(4,168,104),(4,169,24),(4,170,127),(4,171,13),(4,172,193),(4,173,198),(4,174,197),(4,175,58),(4,176,15),(4,177,122),(4,178,64),(4,179,91),(4,180,177),(4,181,28),(4,182,116),(4,183,82),(4,184,183),(4,185,194),(4,186,76),(4,187,104),(4,188,78),(4,189,120),(4,190,20),(4,191,132),(4,192,70),(4,193,84),(4,194,80),(4,195,164),(4,196,74),(4,197,122),(4,198,18),(4,199,166),(4,200,160),(5,1,177),(5,2,157),(5,3,91),(5,4,48),(5,5,145),(5,6,186),(5,7,197),(5,8,165),(5,9,94),(5,10,64),(5,11,37),(5,12,183),(5,13,120),(5,14,141),(5,15,55),(5,16,142),(5,17,66),(5,18,41),(5,19,38),(5,20,128),(5,21,118),(5,22,71),(5,23,10),(5,24,95),(5,25,80),(5,26,124),(5,27,88),(5,28,80),(5,29,106),(5,30,40),(5,31,4),(5,32,127),(5,33,179),(5,34,194),(5,35,114),(5,36,5),(5,37,34),(5,38,158),(5,39,34),(5,40,83),(5,41,149),(5,42,68),(5,43,58),(5,44,145),(5,45,152),(5,46,75),(5,47,56),(5,48,200),(5,49,85),(5,50,89),(5,51,89),(5,52,161),(5,53,127),(5,54,194),(5,55,84),(5,56,170),(5,57,91),(5,58,174),(5,59,132),(5,60,114),(5,61,90),(5,62,189),(5,63,184),(5,64,130),(5,65,137),(5,66,78),(5,67,97),(5,68,91),(5,69,118),(5,70,153),(5,71,80),(5,72,160),(5,73,189),(5,74,39),(5,75,94),(5,76,108),(5,77,13),(5,78,34),(5,79,54),(5,80,30),(5,81,147),(5,82,22),(5,83,94),(5,84,27),(5,85,97),(5,86,123),(5,87,94),(5,88,152),(5,89,16),(5,90,140),(5,91,173),(5,92,26),(5,93,26),(5,94,71),(5,95,138),(5,96,56),(5,97,153),(5,98,160),(5,99,28),(5,100,77),(5,101,186),(5,102,170),(5,103,40),(5,104,23),(5,105,31),(5,106,10),(5,107,146),(5,108,128),(5,109,4),(5,110,10),(5,111,88),(5,112,64),(5,113,95),(5,114,67),(5,115,86),(5,116,127),(5,117,121),(5,118,113),(5,119,45),(5,120,38),(5,121,92),(5,122,1),(5,123,39),(5,124,62),(5,125,151),(5,126,9),(5,127,120),(5,128,60),(5,129,34),(5,130,42),(5,131,24),(5,132,167),(5,133,94),(5,134,123),(5,135,46),(5,136,90),(5,137,52),(5,138,166),(5,139,21),(5,140,52),(5,141,95),(5,142,139),(5,143,11),(5,144,117),(5,145,67),(5,146,12),(5,147,84),(5,148,42),(5,149,192),(5,150,104),(5,151,176),(5,152,8),(5,153,144),(5,154,92),(5,155,11),(5,156,36),(5,157,83),(5,158,153),(5,159,124),(5,160,125),(5,161,184),(5,162,18),(5,163,159),(5,164,198),(5,165,89),(5,166,30),(5,167,125),(5,168,65),(5,169,97),(5,170,53),(5,171,181),(5,172,120),(5,173,128),(5,174,134),(5,175,7),(5,176,193),(5,177,199),(5,178,58),(5,179,19),(5,180,130),(5,181,119),(5,182,134),(5,183,185),(5,184,10),(5,185,191),(5,186,76),(5,187,127),(5,188,176),(5,189,107),(5,190,82),(5,191,34),(5,192,31),(5,193,190),(5,194,51),(5,195,11),(5,196,199),(5,197,63),(5,198,74),(5,199,122),(5,200,41),(6,1,38),(6,2,15),(6,3,196),(6,4,198),(6,5,19),(6,6,67),(6,7,167),(6,8,40),(6,9,148),(6,10,184),(6,11,114),(6,12,77),(6,13,166),(6,14,37),(6,15,36),(6,16,133),(6,17,158),(6,18,69),(6,19,84),(6,20,30),(6,21,59),(6,22,186),(6,23,61),(6,24,137),(6,25,192),(6,26,149),(6,27,21),(6,28,129),(6,29,17),(6,30,7),(6,31,115),(6,32,183),(6,33,90),(6,34,188),(6,35,103),(6,36,93),(6,37,189),(6,38,74),(6,39,199),(6,40,76),(6,41,81),(6,42,13),(6,43,146),(6,44,16),(6,45,74),(6,46,102),(6,47,172),(6,48,125),(6,49,89),(6,50,105),(6,51,83),(6,52,150),(6,53,43),(6,54,50),(6,55,26),(6,56,143),(6,57,11),(6,58,97),(6,59,130),(6,60,3),(6,61,34),(6,62,152),(6,63,3),(6,64,48),(6,65,82),(6,66,19),(6,67,123),(6,68,197),(6,69,197),(6,70,143),(6,71,43),(6,72,160),(6,73,116),(6,74,84),(6,75,45),(6,76,180),(6,77,70),(6,78,150),(6,79,75),(6,80,106),(6,81,6),(6,82,51),(6,83,94),(6,84,83),(6,85,100),(6,86,98),(6,87,5),(6,88,111),(6,89,156),(6,90,66),(6,91,132),(6,92,182),(6,93,73),(6,94,133),(6,95,108),(6,96,106),(6,97,38),(6,98,15),(6,99,100),(6,100,169),(6,101,13),(6,102,171),(6,103,153),(6,104,14),(6,105,52),(6,106,177),(6,107,3),(6,108,120),(6,109,119),(6,110,6),(6,111,39),(6,112,96),(6,113,56),(6,114,59),(6,115,194),(6,116,133),(6,117,102),(6,118,182),(6,119,47),(6,120,103),(6,121,23),(6,122,171),(6,123,115),(6,124,14),(6,125,129),(6,126,181),(6,127,179),(6,128,188),(6,129,151),(6,130,75),(6,131,145),(6,132,141),(6,133,49),(6,134,158),(6,135,31),(6,136,57),(6,137,191),(6,138,91),(6,139,156),(6,140,184),(6,141,182),(6,142,180),(6,143,64),(6,144,182),(6,145,92),(6,146,46),(6,147,198),(6,148,35),(6,149,143),(6,150,65),(6,151,9),(6,152,10),(6,153,32),(6,154,178),(6,155,76),(6,156,50),(6,157,17),(6,158,124),(6,159,110),(6,160,18),(6,161,156),(6,162,14),(6,163,58),(6,164,21),(6,165,10),(6,166,139),(6,167,150),(6,168,81),(6,169,175),(6,170,142),(6,171,178),(6,172,163),(6,173,96),(6,174,158),(6,175,193),(6,176,20),(6,177,106),(6,178,180),(6,179,25),(6,180,19),(6,181,197),(6,182,128),(6,183,136),(6,184,162),(6,185,14),(6,186,167),(6,187,29),(6,188,69),(6,189,98),(6,190,53),(6,191,56),(6,192,6),(6,193,76),(6,194,21),(6,195,191),(6,196,143),(6,197,24),(6,198,33),(6,199,78),(6,200,37),(7,1,93),(7,2,86),(7,3,200),(7,4,28),(7,5,91),(7,6,180),(7,7,112),(7,8,77),(7,9,98),(7,10,157),(7,11,141),(7,12,21),(7,13,28),(7,14,25),(7,15,200),(7,16,143),(7,17,98),(7,18,113),(7,19,161),(7,20,49),(7,21,123),(7,22,13),(7,23,101),(7,24,163),(7,25,135),(7,26,125),(7,27,108),(7,28,71),(7,29,138),(7,30,159),(7,31,136),(7,32,81),(7,33,191),(7,34,8),(7,35,6),(7,36,85),(7,37,61),(7,38,37),(7,39,64),(7,40,15),(7,41,178),(7,42,72),(7,43,182),(7,44,186),(7,45,89),(7,46,131),(7,47,116),(7,48,99),(7,49,61),(7,50,102),(7,51,98),(7,52,176),(7,53,41),(7,54,75),(7,55,6),(7,56,152),(7,57,109),(7,58,50),(7,59,93),(7,60,85),(7,61,53),(7,62,111),(7,63,134),(7,64,188),(7,65,36),(7,66,142),(7,67,53),(7,68,18),(7,69,181),(7,70,32),(7,71,187),(7,72,109),(7,73,112),(7,74,97),(7,75,48),(7,76,58),(7,77,83),(7,78,85),(7,79,189),(7,80,84),(7,81,121),(7,82,16),(7,83,117),(7,84,179),(7,85,167),(7,86,49),(7,87,148),(7,88,191),(7,89,34),(7,90,112),(7,91,133),(7,92,170),(7,93,197),(7,94,13),(7,95,19),(7,96,40),(7,97,121),(7,98,85),(7,99,104),(7,100,190),(7,101,161),(7,102,75),(7,103,168),(7,104,172),(7,105,13),(7,106,108),(7,107,88),(7,108,152),(7,109,173),(7,110,31),(7,111,132),(7,112,49),(7,113,71),(7,114,182),(7,115,192),(7,116,193),(7,117,145),(7,118,125),(7,119,85),(7,120,148),(7,121,103),(7,122,52),(7,123,53),(7,124,187),(7,125,26),(7,126,196),(7,127,3),(7,128,29),(7,129,156),(7,130,81),(7,131,197),(7,132,140),(7,133,3),(7,134,92),(7,135,95),(7,136,134),(7,137,135),(7,138,124),(7,139,33),(7,140,189),(7,141,60),(7,142,22),(7,143,48),(7,144,199),(7,145,191),(7,146,132),(7,147,101),(7,148,49),(7,149,103),(7,150,45),(7,151,1),(7,152,115),(7,153,71),(7,154,186),(7,155,130),(7,156,1),(7,157,85),(7,158,45),(7,159,119),(7,160,130),(7,161,68),(7,162,191),(7,163,133),(7,164,57),(7,165,102),(7,166,70),(7,167,163),(7,168,62),(7,169,153),(7,170,8),(7,171,190),(7,172,14),(7,173,108),(7,174,195),(7,175,185),(7,176,74),(7,177,125),(7,178,177),(7,179,75),(7,180,57),(7,181,179),(7,182,16),(7,183,39),(7,184,115),(7,185,84),(7,186,122),(7,187,23),(7,188,85),(7,189,197),(7,190,8),(7,191,152),(7,192,71),(7,193,61),(7,194,18),(7,195,147),(7,196,94),(7,197,48),(7,198,87),(7,199,186),(7,200,6),(8,1,149),(8,2,146),(8,3,191),(8,4,76),(8,5,156),(8,6,38),(8,7,153),(8,8,170),(8,9,135),(8,10,36),(8,11,50),(8,12,38),(8,13,33),(8,14,98),(8,15,14),(8,16,52),(8,17,53),(8,18,175),(8,19,75),(8,20,107),(8,21,82),(8,22,106),(8,23,189),(8,24,23),(8,25,28),(8,26,15),(8,27,68),(8,28,178),(8,29,174),(8,30,140),(8,31,60),(8,32,189),(8,33,142),(8,34,134),(8,35,15),(8,36,14),(8,37,74),(8,38,51),(8,39,19),(8,40,58),(8,41,183),(8,42,143),(8,43,94),(8,44,50),(8,45,71),(8,46,71),(8,47,192),(8,48,184),(8,49,40),(8,50,185),(8,51,71),(8,52,182),(8,53,99),(8,54,105),(8,55,84),(8,56,139),(8,57,14),(8,58,113),(8,59,31),(8,60,148),(8,61,129),(8,62,35),(8,63,15),(8,64,62),(8,65,92),(8,66,193),(8,67,59),(8,68,96),(8,69,25),(8,70,103),(8,71,105),(8,72,119),(8,73,36),(8,74,131),(8,75,8),(8,76,170),(8,77,72),(8,78,27),(8,79,62),(8,80,119),(8,81,58),(8,82,24),(8,83,168),(8,84,69),(8,85,135),(8,86,121),(8,87,157),(8,88,35),(8,89,80),(8,90,124),(8,91,56),(8,92,119),(8,93,139),(8,94,54),(8,95,150),(8,96,24),(8,97,84),(8,98,179),(8,99,126),(8,100,56),(8,101,71),(8,102,63),(8,103,164),(8,104,141),(8,105,183),(8,106,52),(8,107,19),(8,108,30),(8,109,157),(8,110,116),(8,111,34),(8,112,28),(8,113,181),(8,114,198),(8,115,187),(8,116,77),(8,117,185),(8,118,191),(8,119,44),(8,120,172),(8,121,83),(8,122,30),(8,123,122),(8,124,189),(8,125,66),(8,126,3),(8,127,180),(8,128,162),(8,129,35),(8,130,93),(8,131,3),(8,132,99),(8,133,20),(8,134,2),(8,135,75),(8,136,189),(8,137,29),(8,138,77),(8,139,126),(8,140,154),(8,141,142),(8,142,29),(8,143,17),(8,144,62),(8,145,96),(8,146,32),(8,147,108),(8,148,31),(8,149,60),(8,150,172),(8,151,90),(8,152,16),(8,153,190),(8,154,153),(8,155,94),(8,156,69),(8,157,6),(8,158,179),(8,159,51),(8,160,30),(8,161,48),(8,162,113),(8,163,57),(8,164,113),(8,165,162),(8,166,22),(8,167,197),(8,168,91),(8,169,191),(8,170,172),(8,171,155),(8,172,94),(8,173,55),(8,174,165),(8,175,91),(8,176,119),(8,177,131),(8,178,169),(8,179,74),(8,180,200),(8,181,138),(8,182,51),(8,183,80),(8,184,164),(8,185,167),(8,186,140),(8,187,104),(8,188,191),(8,189,160),(8,190,170),(8,191,151),(8,192,142),(8,193,135),(8,194,191),(8,195,105),(8,196,26),(8,197,112),(8,198,29),(8,199,97),(8,200,50),(9,1,42),(9,2,128),(9,3,155),(9,4,111),(9,5,40),(9,6,56),(9,7,65),(9,8,184),(9,9,102),(9,10,161),(9,11,21),(9,12,189),(9,13,62),(9,14,33),(9,15,97),(9,16,1),(9,17,37),(9,18,134),(9,19,153),(9,20,1),(9,21,115),(9,22,24),(9,23,96),(9,24,169),(9,25,125),(9,26,45),(9,27,182),(9,28,66),(9,29,167),(9,30,8),(9,31,102),(9,32,51),(9,33,48),(9,34,27),(9,35,144),(9,36,200),(9,37,154),(9,38,80),(9,39,134),(9,40,149),(9,41,95),(9,42,164),(9,43,37),(9,44,138),(9,45,184),(9,46,142),(9,47,153),(9,48,7),(9,49,99),(9,50,159),(9,51,19),(9,52,154),(9,53,55),(9,54,171),(9,55,13),(9,56,29),(9,57,111),(9,58,133),(9,59,50),(9,60,90),(9,61,41),(9,62,102),(9,63,188),(9,64,65),(9,65,13),(9,66,29),(9,67,11),(9,68,119),(9,69,35),(9,70,199),(9,71,94),(9,72,86),(9,73,60),(9,74,80),(9,75,15),(9,76,95),(9,77,26),(9,78,97),(9,79,158),(9,80,43),(9,81,94),(9,82,5),(9,83,145),(9,84,122),(9,85,68),(9,86,24),(9,87,37),(9,88,92),(9,89,25),(9,90,8),(9,91,40),(9,92,55),(9,93,160),(9,94,197),(9,95,167),(9,96,78),(9,97,178),(9,98,46),(9,99,175),(9,100,186),(9,101,33),(9,102,81),(9,103,126),(9,104,20),(9,105,21),(9,106,28),(9,107,191),(9,108,158),(9,109,62),(9,110,95),(9,111,32),(9,112,31),(9,113,42),(9,114,91),(9,115,56),(9,116,12),(9,117,124),(9,118,38),(9,119,120),(9,120,37),(9,121,112),(9,122,155),(9,123,126),(9,124,122),(9,125,38),(9,126,121),(9,127,139),(9,128,32),(9,129,42),(9,130,75),(9,131,28),(9,132,197),(9,133,115),(9,134,18),(9,135,171),(9,136,38),(9,137,70),(9,138,86),(9,139,139),(9,140,56),(9,141,162),(9,142,137),(9,143,88),(9,144,130),(9,145,39),(9,146,117),(9,147,186),(9,148,70),(9,149,166),(9,150,99),(9,151,4),(9,152,71),(9,153,109),(9,154,111),(9,155,33),(9,156,131),(9,157,10),(9,158,172),(9,159,8),(9,160,60),(9,161,136),(9,162,121),(9,163,17),(9,164,91),(9,165,178),(9,166,147),(9,167,118),(9,168,4),(9,169,191),(9,170,30),(9,171,112),(9,172,141),(9,173,188),(9,174,50),(9,175,67),(9,176,84),(9,177,109),(9,178,93),(9,179,151),(9,180,95),(9,181,42),(9,182,114),(9,183,49),(9,184,115),(9,185,127),(9,186,109),(9,187,88),(9,188,173),(9,189,167),(9,190,12),(9,191,162),(9,192,177),(9,193,126),(9,194,191),(9,195,149),(9,196,138),(9,197,32),(9,198,158),(9,199,27),(9,200,167),(10,1,63),(10,2,95),(10,3,90),(10,4,105),(10,5,194),(10,6,151),(10,7,132),(10,8,183),(10,9,57),(10,10,113),(10,11,114),(10,12,50),(10,13,85),(10,14,33),(10,15,131),(10,16,56),(10,17,160),(10,18,14),(10,19,36),(10,20,51),(10,21,163),(10,22,15),(10,23,112),(10,24,163),(10,25,12),(10,26,109),(10,27,91),(10,28,149),(10,29,36),(10,30,10),(10,31,24),(10,32,11),(10,33,8),(10,34,7),(10,35,75),(10,36,29),(10,37,123),(10,38,69),(10,39,50),(10,40,49),(10,41,176),(10,42,169),(10,43,57),(10,44,120),(10,45,180),(10,46,190),(10,47,13),(10,48,163),(10,49,156),(10,50,77),(10,51,53),(10,52,144),(10,53,129),(10,54,144),(10,55,135),(10,56,146),(10,57,186),(10,58,147),(10,59,182),(10,60,92),(10,61,54),(10,62,2),(10,63,78),(10,64,31),(10,65,112),(10,66,71),(10,67,108),(10,68,12),(10,69,190),(10,70,24),(10,71,36),(10,72,101),(10,73,79),(10,74,136),(10,75,66),(10,76,174),(10,77,153),(10,78,41),(10,79,102),(10,80,187),(10,81,24),(10,82,114),(10,83,23),(10,84,145),(10,85,88),(10,86,153),(10,87,70),(10,88,157),(10,89,110),(10,90,18),(10,91,64),(10,92,59),(10,93,115),(10,94,1),(10,95,75),(10,96,190),(10,97,92),(10,98,67),(10,99,9),(10,100,80),(10,101,173),(10,102,148),(10,103,100),(10,104,65),(10,105,160),(10,106,54),(10,107,183),(10,108,6),(10,109,111),(10,110,194),(10,111,5),(10,112,32),(10,113,149),(10,114,177),(10,115,4),(10,116,178),(10,117,80),(10,118,73),(10,119,73),(10,120,47),(10,121,138),(10,122,73),(10,123,153),(10,124,9),(10,125,119),(10,126,143),(10,127,77),(10,128,89),(10,129,46),(10,130,126),(10,131,125),(10,132,20),(10,133,111),(10,134,147),(10,135,37),(10,136,95),(10,137,183),(10,138,165),(10,139,174),(10,140,196),(10,141,145),(10,142,137),(10,143,16),(10,144,75),(10,145,47),(10,146,4),(10,147,85),(10,148,193),(10,149,117),(10,150,162),(10,151,102),(10,152,44),(10,153,200),(10,154,8),(10,155,74),(10,156,171),(10,157,180),(10,158,66),(10,159,150),(10,160,125),(10,161,10),(10,162,60),(10,163,20),(10,164,1),(10,165,5),(10,166,96),(10,167,1),(10,168,60),(10,169,104),(10,170,29),(10,171,26),(10,172,88),(10,173,39),(10,174,90),(10,175,152),(10,176,193),(10,177,180),(10,178,4),(10,179,89),(10,180,181),(10,181,30),(10,182,137),(10,183,128),(10,184,5),(10,185,96),(10,186,44),(10,187,17),(10,188,135),(10,189,41),(10,190,152),(10,191,59),(10,192,55),(10,193,110),(10,194,104),(10,195,11),(10,196,25),(10,197,7),(10,198,199),(10,199,27),(10,200,90),(11,1,31),(11,2,101),(11,3,96),(11,4,196),(11,5,136),(11,6,130),(11,7,91),(11,8,10),(11,9,54),(11,10,127),(11,11,51),(11,12,181),(11,13,176),(11,14,188),(11,15,131),(11,16,74),(11,17,115),(11,18,37),(11,19,98),(11,20,128),(11,21,190),(11,22,145),(11,23,10),(11,24,113),(11,25,113),(11,26,3),(11,27,172),(11,28,122),(11,29,154),(11,30,33),(11,31,149),(11,32,2),(11,33,180),(11,34,44),(11,35,114),(11,36,113),(11,37,159),(11,38,118),(11,39,144),(11,40,100),(11,41,78),(11,42,102),(11,43,74),(11,44,47),(11,45,171),(11,46,128),(11,47,148),(11,48,195),(11,49,140),(11,50,43),(11,51,137),(11,52,25),(11,53,18),(11,54,167),(11,55,77),(11,56,90),(11,57,1),(11,58,52),(11,59,188),(11,60,87),(11,61,11),(11,62,164),(11,63,151),(11,64,88),(11,65,121),(11,66,162),(11,67,73),(11,68,3),(11,69,135),(11,70,82),(11,71,40),(11,72,73),(11,73,129),(11,74,102),(11,75,29),(11,76,25),(11,77,4),(11,78,27),(11,79,161),(11,80,45),(11,81,66),(11,82,76),(11,83,157),(11,84,100),(11,85,123),(11,86,43),(11,87,147),(11,88,167),(11,89,199),(11,90,36),(11,91,130),(11,92,69),(11,93,165),(11,94,67),(11,95,29),(11,96,105),(11,97,7),(11,98,166),(11,99,175),(11,100,99),(11,101,41),(11,102,110),(11,103,44),(11,104,71),(11,105,112),(11,106,65),(11,107,101),(11,108,35),(11,109,135),(11,110,130),(11,111,57),(11,112,177),(11,113,22),(11,114,64),(11,115,157),(11,116,9),(11,117,123),(11,118,29),(11,119,45),(11,120,190),(11,121,130),(11,122,39),(11,123,130),(11,124,109),(11,125,143),(11,126,10),(11,127,144),(11,128,87),(11,129,25),(11,130,9),(11,131,56),(11,132,50),(11,133,197),(11,134,178),(11,135,39),(11,136,34),(11,137,15),(11,138,57),(11,139,29),(11,140,183),(11,141,122),(11,142,37),(11,143,152),(11,144,78),(11,145,19),(11,146,22),(11,147,143),(11,148,108),(11,149,5),(11,150,144),(11,151,57),(11,152,155),(11,153,73),(11,154,154),(11,155,6),(11,156,195),(11,157,174),(11,158,183),(11,159,39),(11,160,155),(11,161,61),(11,162,194),(11,163,65),(11,164,34),(11,165,70),(11,166,193),(11,167,189),(11,168,116),(11,169,74),(11,170,74),(11,171,72),(11,172,66),(11,173,75),(11,174,189),(11,175,58),(11,176,107),(11,177,70),(11,178,165),(11,179,50),(11,180,5),(11,181,26),(11,182,28),(11,183,84),(11,184,103),(11,185,2),(11,186,33),(11,187,101),(11,188,156),(11,189,136),(11,190,173),(11,191,158),(11,192,120),(11,193,50),(11,194,72),(11,195,74),(11,196,5),(11,197,115),(11,198,82),(11,199,57),(11,200,108),(12,1,105),(12,2,39),(12,3,134),(12,4,143),(12,5,126),(12,6,18),(12,7,27),(12,8,91),(12,9,15),(12,10,121),(12,11,182),(12,12,153),(12,13,20),(12,14,82),(12,15,178),(12,16,117),(12,17,186),(12,18,121),(12,19,158),(12,20,65),(12,21,5),(12,22,117),(12,23,151),(12,24,26),(12,25,127),(12,26,15),(12,27,82),(12,28,72),(12,29,90),(12,30,102),(12,31,77),(12,32,147),(12,33,113),(12,34,179),(12,35,111),(12,36,50),(12,37,181),(12,38,111),(12,39,39),(12,40,174),(12,41,146),(12,42,92),(12,43,183),(12,44,8),(12,45,181),(12,46,32),(12,47,87),(12,48,140),(12,49,136),(12,50,91),(12,51,185),(12,52,49),(12,53,46),(12,54,7),(12,55,96),(12,56,175),(12,57,45),(12,58,199),(12,59,79),(12,60,179),(12,61,152),(12,62,96),(12,63,171),(12,64,25),(12,65,185),(12,66,5),(12,67,24),(12,68,120),(12,69,29),(12,70,13),(12,71,199),(12,72,89),(12,73,138),(12,74,92),(12,75,179),(12,76,164),(12,77,43),(12,78,156),(12,79,185),(12,80,178),(12,81,127),(12,82,2),(12,83,5),(12,84,14),(12,85,189),(12,86,143),(12,87,24),(12,88,37),(12,89,182),(12,90,6),(12,91,95),(12,92,114),(12,93,10),(12,94,192),(12,95,148),(12,96,92),(12,97,106),(12,98,92),(12,99,23),(12,100,191),(12,101,75),(12,102,155),(12,103,39),(12,104,155),(12,105,194),(12,106,183),(12,107,38),(12,108,44),(12,109,49),(12,110,76),(12,111,50),(12,112,161),(12,113,29),(12,114,91),(12,115,83),(12,116,129),(12,117,171),(12,118,153),(12,119,81),(12,120,176),(12,121,123),(12,122,107),(12,123,57),(12,124,141),(12,125,114),(12,126,193),(12,127,172),(12,128,60),(12,129,191),(12,130,2),(12,131,179),(12,132,188),(12,133,161),(12,134,91),(12,135,70),(12,136,197),(12,137,111),(12,138,47),(12,139,26),(12,140,62),(12,141,109),(12,142,197),(12,143,42),(12,144,101),(12,145,20),(12,146,180),(12,147,113),(12,148,41),(12,149,98),(12,150,29),(12,151,21),(12,152,119),(12,153,95),(12,154,94),(12,155,49),(12,156,12),(12,157,74),(12,158,50),(12,159,45),(12,160,25),(12,161,73),(12,162,80),(12,163,7),(12,164,96),(12,165,102),(12,166,49),(12,167,41),(12,168,149),(12,169,12),(12,170,21),(12,171,161),(12,172,182),(12,173,186),(12,174,111),(12,175,176),(12,176,3),(12,177,96),(12,178,51),(12,179,153),(12,180,10),(12,181,183),(12,182,11),(12,183,118),(12,184,149),(12,185,26),(12,186,51),(12,187,154),(12,188,25),(12,189,96),(12,190,154),(12,191,71),(12,192,41),(12,193,58),(12,194,135),(12,195,49),(12,196,70),(12,197,22),(12,198,55),(12,199,158),(12,200,178),(13,1,154),(13,2,1),(13,3,104),(13,4,168),(13,5,22),(13,6,22),(13,7,92),(13,8,143),(13,9,85),(13,10,160),(13,11,62),(13,12,91),(13,13,114),(13,14,181),(13,15,84),(13,16,60),(13,17,146),(13,18,101),(13,19,60),(13,20,25),(13,21,138),(13,22,46),(13,23,22),(13,24,161),(13,25,86),(13,26,135),(13,27,81),(13,28,180),(13,29,56),(13,30,171),(13,31,49),(13,32,185),(13,33,115),(13,34,4),(13,35,77),(13,36,186),(13,37,31),(13,38,22),(13,39,94),(13,40,28),(13,41,11),(13,42,76),(13,43,34),(13,44,90),(13,45,136),(13,46,156),(13,47,170),(13,48,90),(13,49,58),(13,50,176),(13,51,131),(13,52,76),(13,53,27),(13,54,160),(13,55,172),(13,56,177),(13,57,162),(13,58,127),(13,59,46),(13,60,179),(13,61,84),(13,62,118),(13,63,67),(13,64,135),(13,65,14),(13,66,69),(13,67,181),(13,68,175),(13,69,67),(13,70,50),(13,71,198),(13,72,150),(13,73,53),(13,74,173),(13,75,43),(13,76,135),(13,77,1),(13,78,77),(13,79,147),(13,80,50),(13,81,38),(13,82,41),(13,83,98),(13,84,118),(13,85,115),(13,86,65),(13,87,188),(13,88,71),(13,89,155),(13,90,183),(13,91,84),(13,92,51),(13,93,34),(13,94,187),(13,95,158),(13,96,92),(13,97,182),(13,98,145),(13,99,128),(13,100,188),(13,101,165),(13,102,49),(13,103,34),(13,104,190),(13,105,156),(13,106,98),(13,107,189),(13,108,125),(13,109,189),(13,110,136),(13,111,83),(13,112,15),(13,113,77),(13,114,88),(13,115,3),(13,116,30),(13,117,137),(13,118,99),(13,119,169),(13,120,142),(13,121,170),(13,122,138),(13,123,194),(13,124,167),(13,125,131),(13,126,127),(13,127,96),(13,128,137),(13,129,70),(13,130,151),(13,131,155),(13,132,2),(13,133,197),(13,134,36),(13,135,109),(13,136,56),(13,137,74),(13,138,141),(13,139,111),(13,140,149),(13,141,175),(13,142,109),(13,143,194),(13,144,24),(13,145,65),(13,146,112),(13,147,200),(13,148,112),(13,149,76),(13,150,84),(13,151,57),(13,152,60),(13,153,109),(13,154,43),(13,155,98),(13,156,128),(13,157,62),(13,158,136),(13,159,116),(13,160,34),(13,161,1),(13,162,200),(13,163,95),(13,164,105),(13,165,109),(13,166,76),(13,167,95),(13,168,72),(13,169,41),(13,170,64),(13,171,61),(13,172,117),(13,173,57),(13,174,115),(13,175,82),(13,176,128),(13,177,107),(13,178,140),(13,179,18),(13,180,149),(13,181,182),(13,182,127),(13,183,130),(13,184,115),(13,185,41),(13,186,158),(13,187,84),(13,188,128),(13,189,177),(13,190,61),(13,191,51),(13,192,199),(13,193,36),(13,194,187),(13,195,113),(13,196,156),(13,197,161),(13,198,16),(13,199,107),(13,200,121),(14,1,150),(14,2,81),(14,3,77),(14,4,181),(14,5,23),(14,6,107),(14,7,87),(14,8,121),(14,9,170),(14,10,189),(14,11,154),(14,12,88),(14,13,128),(14,14,16),(14,15,51),(14,16,155),(14,17,77),(14,18,64),(14,19,183),(14,20,140),(14,21,16),(14,22,132),(14,23,71),(14,24,75),(14,25,188),(14,26,44),(14,27,155),(14,28,58),(14,29,130),(14,30,170),(14,31,64),(14,32,124),(14,33,144),(14,34,121),(14,35,62),(14,36,166),(14,37,82),(14,38,176),(14,39,163),(14,40,95),(14,41,112),(14,42,39),(14,43,94),(14,44,110),(14,45,57),(14,46,13),(14,47,134),(14,48,142),(14,49,173),(14,50,14),(14,51,22),(14,52,38),(14,53,45),(14,54,123),(14,55,78),(14,56,146),(14,57,145),(14,58,92),(14,59,55),(14,60,129),(14,61,90),(14,62,72),(14,63,141),(14,64,191),(14,65,200),(14,66,15),(14,67,101),(14,68,85),(14,69,69),(14,70,186),(14,71,116),(14,72,15),(14,73,197),(14,74,89),(14,75,17),(14,76,128),(14,77,174),(14,78,152),(14,79,118),(14,80,54),(14,81,181),(14,82,139),(14,83,141),(14,84,76),(14,85,77),(14,86,168),(14,87,161),(14,88,194),(14,89,15),(14,90,57),(14,91,12),(14,92,58),(14,93,125),(14,94,184),(14,95,39),(14,96,107),(14,97,39),(14,98,109),(14,99,97),(14,100,139),(14,101,104),(14,102,182),(14,103,72),(14,104,100),(14,105,1),(14,106,19),(14,107,7),(14,108,7),(14,109,129),(14,110,90),(14,111,61),(14,112,71),(14,113,144),(14,114,148),(14,115,192),(14,116,41),(14,117,35),(14,118,155),(14,119,162),(14,120,167),(14,121,160),(14,122,8),(14,123,121),(14,124,13),(14,125,159),(14,126,61),(14,127,90),(14,128,99),(14,129,82),(14,130,99),(14,131,133),(14,132,62),(14,133,35),(14,134,12),(14,135,157),(14,136,197),(14,137,22),(14,138,127),(14,139,147),(14,140,105),(14,141,106),(14,142,20),(14,143,69),(14,144,127),(14,145,28),(14,146,2),(14,147,144),(14,148,149),(14,149,96),(14,150,188),(14,151,110),(14,152,189),(14,153,42),(14,154,83),(14,155,127),(14,156,93),(14,157,135),(14,158,134),(14,159,30),(14,160,150),(14,161,198),(14,162,21),(14,163,181),(14,164,183),(14,165,133),(14,166,167),(14,167,29),(14,168,132),(14,169,176),(14,170,28),(14,171,38),(14,172,184),(14,173,77),(14,174,120),(14,175,99),(14,176,126),(14,177,5),(14,178,40),(14,179,175),(14,180,116),(14,181,28),(14,182,74),(14,183,61),(14,184,112),(14,185,129),(14,186,163),(14,187,60),(14,188,159),(14,189,13),(14,190,91),(14,191,3),(14,192,127),(14,193,154),(14,194,102),(14,195,94),(14,196,88),(14,197,49),(14,198,83),(14,199,6),(14,200,89),(15,1,149),(15,2,77),(15,3,161),(15,4,53),(15,5,19),(15,6,42),(15,7,79),(15,8,91),(15,9,173),(15,10,69),(15,11,20),(15,12,46),(15,13,57),(15,14,121),(15,15,110),(15,16,42),(15,17,93),(15,18,96),(15,19,127),(15,20,88),(15,21,62),(15,22,162),(15,23,126),(15,24,44),(15,25,113),(15,26,163),(15,27,104),(15,28,39),(15,29,128),(15,30,167),(15,31,44),(15,32,159),(15,33,107),(15,34,169),(15,35,56),(15,36,77),(15,37,147),(15,38,44),(15,39,64),(15,40,146),(15,41,190),(15,42,62),(15,43,163),(15,44,16),(15,45,78),(15,46,182),(15,47,33),(15,48,187),(15,49,105),(15,50,50),(15,51,86),(15,52,194),(15,53,144),(15,54,38),(15,55,110),(15,56,69),(15,57,195),(15,58,1),(15,59,23),(15,60,179),(15,61,171),(15,62,57),(15,63,3),(15,64,196),(15,65,160),(15,66,157),(15,67,150),(15,68,58),(15,69,85),(15,70,61),(15,71,73),(15,72,79),(15,73,170),(15,74,74),(15,75,83),(15,76,38),(15,77,145),(15,78,118),(15,79,26),(15,80,63),(15,81,176),(15,82,85),(15,83,6),(15,84,1),(15,85,96),(15,86,28),(15,87,121),(15,88,52),(15,89,59),(15,90,27),(15,91,88),(15,92,25),(15,93,76),(15,94,22),(15,95,72),(15,96,172),(15,97,89),(15,98,62),(15,99,157),(15,100,171),(15,101,41),(15,102,9),(15,103,125),(15,104,100),(15,105,100),(15,106,10),(15,107,148),(15,108,59),(15,109,166),(15,110,177),(15,111,44),(15,112,107),(15,113,193),(15,114,175),(15,115,46),(15,116,29),(15,117,145),(15,118,144),(15,119,83),(15,120,82),(15,121,178),(15,122,131),(15,123,148),(15,124,38),(15,125,142),(15,126,27),(15,127,190),(15,128,109),(15,129,61),(15,130,103),(15,131,176),(15,132,128),(15,133,87),(15,134,188),(15,135,195),(15,136,106),(15,137,104),(15,138,150),(15,139,115),(15,140,178),(15,141,95),(15,142,176),(15,143,178),(15,144,62),(15,145,189),(15,146,120),(15,147,21),(15,148,42),(15,149,41),(15,150,21),(15,151,103),(15,152,88),(15,153,158),(15,154,145),(15,155,8),(15,156,11),(15,157,172),(15,158,11),(15,159,2),(15,160,99),(15,161,92),(15,162,72),(15,163,164),(15,164,33),(15,165,145),(15,166,11),(15,167,132),(15,168,155),(15,169,45),(15,170,36),(15,171,63),(15,172,44),(15,173,10),(15,174,34),(15,175,137),(15,176,103),(15,177,39),(15,178,119),(15,179,16),(15,180,166),(15,181,110),(15,182,70),(15,183,18),(15,184,105),(15,185,71),(15,186,50),(15,187,92),(15,188,157),(15,189,25),(15,190,84),(15,191,37),(15,192,88),(15,193,111),(15,194,62),(15,195,65),(15,196,10),(15,197,42),(15,198,172),(15,199,124),(15,200,91),(16,1,173),(16,2,3),(16,3,13),(16,4,139),(16,5,63),(16,6,136),(16,7,176),(16,8,111),(16,9,105),(16,10,30),(16,11,99),(16,12,107),(16,13,196),(16,14,123),(16,15,12),(16,16,60),(16,17,179),(16,18,21),(16,19,196),(16,20,88),(16,21,158),(16,22,129),(16,23,88),(16,24,50),(16,25,125),(16,26,166),(16,27,103),(16,28,105),(16,29,147),(16,30,18),(16,31,79),(16,32,28),(16,33,154),(16,34,175),(16,35,17),(16,36,165),(16,37,26),(16,38,36),(16,39,114),(16,40,59),(16,41,19),(16,42,109),(16,43,71),(16,44,155),(16,45,199),(16,46,112),(16,47,9),(16,48,20),(16,49,192),(16,50,6),(16,51,122),(16,52,144),(16,53,187),(16,54,35),(16,55,188),(16,56,71),(16,57,67),(16,58,122),(16,59,79),(16,60,17),(16,61,191),(16,62,100),(16,63,36),(16,64,104),(16,65,111),(16,66,108),(16,67,199),(16,68,127),(16,69,56),(16,70,41),(16,71,167),(16,72,16),(16,73,199),(16,74,197),(16,75,156),(16,76,168),(16,77,121),(16,78,26),(16,79,188),(16,80,110),(16,81,87),(16,82,102),(16,83,145),(16,84,151),(16,85,193),(16,86,21),(16,87,100),(16,88,120),(16,89,155),(16,90,2),(16,91,81),(16,92,178),(16,93,43),(16,94,200),(16,95,27),(16,96,189),(16,97,127),(16,98,56),(16,99,161),(16,100,58),(16,101,61),(16,102,68),(16,103,96),(16,104,108),(16,105,126),(16,106,135),(16,107,126),(16,108,32),(16,109,97),(16,110,79),(16,111,86),(16,112,198),(16,113,83),(16,114,56),(16,115,125),(16,116,192),(16,117,156),(16,118,188),(16,119,124),(16,120,118),(16,121,68),(16,122,43),(16,123,183),(16,124,30),(16,125,132),(16,126,7),(16,127,75),(16,128,35),(16,129,186),(16,130,85),(16,131,132),(16,132,93),(16,133,76),(16,134,161),(16,135,6),(16,136,160),(16,137,148),(16,138,148),(16,139,90),(16,140,26),(16,141,57),(16,142,33),(16,143,160),(16,144,196),(16,145,125),(16,146,35),(16,147,143),(16,148,84),(16,149,172),(16,150,173),(16,151,183),(16,152,82),(16,153,83),(16,154,90),(16,155,50),(16,156,82),(16,157,124),(16,158,179),(16,159,181),(16,160,41),(16,161,140),(16,162,149),(16,163,188),(16,164,119),(16,165,25),(16,166,192),(16,167,160),(16,168,138),(16,169,29),(16,170,180),(16,171,109),(16,172,86),(16,173,157),(16,174,135),(16,175,185),(16,176,190),(16,177,163),(16,178,51),(16,179,73),(16,180,29),(16,181,10),(16,182,187),(16,183,61),(16,184,66),(16,185,156),(16,186,121),(16,187,148),(16,188,105),(16,189,118),(16,190,167),(16,191,39),(16,192,16),(16,193,189),(16,194,91),(16,195,193),(16,196,84),(16,197,184),(16,198,175),(16,199,132),(16,200,62),(17,1,186),(17,2,149),(17,3,6),(17,4,187),(17,5,46),(17,6,118),(17,7,151),(17,8,51),(17,9,186),(17,10,154),(17,11,81),(17,12,152),(17,13,108),(17,14,2),(17,15,199),(17,16,3),(17,17,104),(17,18,168),(17,19,17),(17,20,165),(17,21,171),(17,22,12),(17,23,128),(17,24,82),(17,25,12),(17,26,36),(17,27,65),(17,28,18),(17,29,4),(17,30,135),(17,31,36),(17,32,152),(17,33,47),(17,34,9),(17,35,184),(17,36,137),(17,37,44),(17,38,128),(17,39,104),(17,40,29),(17,41,11),(17,42,78),(17,43,122),(17,44,190),(17,45,46),(17,46,8),(17,47,78),(17,48,113),(17,49,192),(17,50,70),(17,51,59),(17,52,159),(17,53,25),(17,54,158),(17,55,176),(17,56,48),(17,57,189),(17,58,101),(17,59,73),(17,60,114),(17,61,167),(17,62,170),(17,63,171),(17,64,196),(17,65,15),(17,66,179),(17,67,34),(17,68,181),(17,69,106),(17,70,26),(17,71,181),(17,72,78),(17,73,124),(17,74,3),(17,75,126),(17,76,161),(17,77,107),(17,78,56),(17,79,146),(17,80,180),(17,81,153),(17,82,101),(17,83,160),(17,84,116),(17,85,195),(17,86,32),(17,87,43),(17,88,90),(17,89,121),(17,90,163),(17,91,57),(17,92,186),(17,93,150),(17,94,105),(17,95,122),(17,96,57),(17,97,191),(17,98,86),(17,99,79),(17,100,25),(17,101,20),(17,102,45),(17,103,72),(17,104,114),(17,105,89),(17,106,38),(17,107,154),(17,108,121),(17,109,129),(17,110,70),(17,111,69),(17,112,90),(17,113,163),(17,114,109),(17,115,117),(17,116,14),(17,117,85),(17,118,30),(17,119,191),(17,120,193),(17,121,175),(17,122,81),(17,123,37),(17,124,168),(17,125,87),(17,126,196),(17,127,112),(17,128,41),(17,129,193),(17,130,15),(17,131,195),(17,132,181),(17,133,31),(17,134,175),(17,135,171),(17,136,197),(17,137,176),(17,138,110),(17,139,121),(17,140,120),(17,141,133),(17,142,30),(17,143,149),(17,144,100),(17,145,64),(17,146,190),(17,147,81),(17,148,157),(17,149,14),(17,150,82),(17,151,72),(17,152,120),(17,153,134),(17,154,176),(17,155,192),(17,156,172),(17,157,40),(17,158,150),(17,159,109),(17,160,172),(17,161,50),(17,162,160),(17,163,82),(17,164,185),(17,165,176),(17,166,87),(17,167,156),(17,168,174),(17,169,192),(17,170,92),(17,171,20),(17,172,127),(17,173,112),(17,174,45),(17,175,96),(17,176,57),(17,177,175),(17,178,109),(17,179,160),(17,180,170),(17,181,141),(17,182,190),(17,183,195),(17,184,186),(17,185,161),(17,186,136),(17,187,17),(17,188,170),(17,189,27),(17,190,186),(17,191,85),(17,192,7),(17,193,174),(17,194,57),(17,195,146),(17,196,32),(17,197,165),(17,198,115),(17,199,105),(17,200,154),(18,1,174),(18,2,67),(18,3,195),(18,4,185),(18,5,12),(18,6,177),(18,7,131),(18,8,153),(18,9,73),(18,10,74),(18,11,167),(18,12,191),(18,13,39),(18,14,69),(18,15,57),(18,16,155),(18,17,11),(18,18,89),(18,19,134),(18,20,32),(18,21,88),(18,22,116),(18,23,88),(18,24,153),(18,25,11),(18,26,192),(18,27,143),(18,28,152),(18,29,154),(18,30,75),(18,31,93),(18,32,133),(18,33,142),(18,34,20),(18,35,114),(18,36,183),(18,37,13),(18,38,95),(18,39,82),(18,40,18),(18,41,54),(18,42,138),(18,43,5),(18,44,36),(18,45,171),(18,46,66),(18,47,132),(18,48,79),(18,49,62),(18,50,138),(18,51,194),(18,52,13),(18,53,116),(18,54,54),(18,55,99),(18,56,86),(18,57,118),(18,58,12),(18,59,94),(18,60,24),(18,61,16),(18,62,144),(18,63,111),(18,64,145),(18,65,107),(18,66,158),(18,67,47),(18,68,158),(18,69,13),(18,70,86),(18,71,28),(18,72,75),(18,73,19),(18,74,93),(18,75,12),(18,76,61),(18,77,152),(18,78,119),(18,79,137),(18,80,4),(18,81,89),(18,82,32),(18,83,131),(18,84,66),(18,85,198),(18,86,95),(18,87,147),(18,88,114),(18,89,173),(18,90,123),(18,91,39),(18,92,6),(18,93,196),(18,94,158),(18,95,65),(18,96,35),(18,97,183),(18,98,37),(18,99,128),(18,100,198),(18,101,94),(18,102,154),(18,103,40),(18,104,152),(18,105,36),(18,106,158),(18,107,120),(18,108,119),(18,109,23),(18,110,159),(18,111,140),(18,112,105),(18,113,170),(18,114,16),(18,115,78),(18,116,111),(18,117,7),(18,118,118),(18,119,173),(18,120,30),(18,121,58),(18,122,146),(18,123,102),(18,124,19),(18,125,108),(18,126,127),(18,127,16),(18,128,96),(18,129,142),(18,130,12),(18,131,161),(18,132,65),(18,133,108),(18,134,37),(18,135,187),(18,136,158),(18,137,28),(18,138,74),(18,139,188),(18,140,151),(18,141,24),(18,142,44),(18,143,85),(18,144,15),(18,145,153),(18,146,6),(18,147,56),(18,148,17),(18,149,152),(18,150,29),(18,151,136),(18,152,133),(18,153,155),(18,154,36),(18,155,40),(18,156,53),(18,157,171),(18,158,169),(18,159,191),(18,160,185),(18,161,12),(18,162,114),(18,163,171),(18,164,130),(18,165,194),(18,166,89),(18,167,35),(18,168,102),(18,169,6),(18,170,150),(18,171,173),(18,172,54),(18,173,161),(18,174,93),(18,175,139),(18,176,181),(18,177,84),(18,178,194),(18,179,32),(18,180,135),(18,181,36),(18,182,50),(18,183,89),(18,184,160),(18,185,158),(18,186,177),(18,187,50),(18,188,182),(18,189,85),(18,190,64),(18,191,127),(18,192,20),(18,193,84),(18,194,39),(18,195,199),(18,196,142),(18,197,50),(18,198,87),(18,199,39),(18,200,42),(19,1,94),(19,2,30),(19,3,71),(19,4,69),(19,5,30),(19,6,99),(19,7,178),(19,8,20),(19,9,155),(19,10,56),(19,11,184),(19,12,200),(19,13,128),(19,14,105),(19,15,122),(19,16,172),(19,17,165),(19,18,165),(19,19,60),(19,20,43),(19,21,102),(19,22,126),(19,23,94),(19,24,196),(19,25,16),(19,26,8),(19,27,110),(19,28,16),(19,29,34),(19,30,73),(19,31,26),(19,32,79),(19,33,128),(19,34,187),(19,35,98),(19,36,194),(19,37,143),(19,38,142),(19,39,166),(19,40,30),(19,41,15),(19,42,149),(19,43,150),(19,44,116),(19,45,162),(19,46,59),(19,47,92),(19,48,51),(19,49,70),(19,50,122),(19,51,134),(19,52,73),(19,53,58),(19,54,193),(19,55,146),(19,56,125),(19,57,100),(19,58,55),(19,59,8),(19,60,195),(19,61,105),(19,62,152),(19,63,92),(19,64,131),(19,65,136),(19,66,143),(19,67,142),(19,68,149),(19,69,161),(19,70,23),(19,71,28),(19,72,43),(19,73,106),(19,74,43),(19,75,38),(19,76,156),(19,77,31),(19,78,8),(19,79,130),(19,80,163),(19,81,39),(19,82,56),(19,83,118),(19,84,199),(19,85,95),(19,86,176),(19,87,148),(19,88,141),(19,89,164),(19,90,98),(19,91,136),(19,92,149),(19,93,183),(19,94,122),(19,95,27),(19,96,194),(19,97,114),(19,98,177),(19,99,119),(19,100,97),(19,101,55),(19,102,139),(19,103,186),(19,104,61),(19,105,173),(19,106,29),(19,107,97),(19,108,60),(19,109,114),(19,110,129),(19,111,38),(19,112,189),(19,113,135),(19,114,171),(19,115,186),(19,116,91),(19,117,117),(19,118,72),(19,119,186),(19,120,65),(19,121,98),(19,122,175),(19,123,143),(19,124,52),(19,125,138),(19,126,120),(19,127,160),(19,128,188),(19,129,68),(19,130,149),(19,131,106),(19,132,117),(19,133,67),(19,134,57),(19,135,35),(19,136,67),(19,137,124),(19,138,2),(19,139,27),(19,140,66),(19,141,92),(19,142,52),(19,143,168),(19,144,58),(19,145,17),(19,146,80),(19,147,130),(19,148,186),(19,149,186),(19,150,107),(19,151,198),(19,152,97),(19,153,185),(19,154,42),(19,155,148),(19,156,194),(19,157,44),(19,158,20),(19,159,107),(19,160,160),(19,161,130),(19,162,12),(19,163,118),(19,164,156),(19,165,146),(19,166,24),(19,167,138),(19,168,23),(19,169,145),(19,170,138),(19,171,131),(19,172,114),(19,173,144),(19,174,14),(19,175,57),(19,176,92),(19,177,11),(19,178,140),(19,179,117),(19,180,197),(19,181,141),(19,182,62),(19,183,199),(19,184,162),(19,185,156),(19,186,88),(19,187,38),(19,188,114),(19,189,182),(19,190,191),(19,191,11),(19,192,188),(19,193,90),(19,194,163),(19,195,72),(19,196,44),(19,197,196),(19,198,195),(19,199,189),(19,200,38),(20,1,32),(20,2,21),(20,3,97),(20,4,37),(20,5,146),(20,6,27),(20,7,86),(20,8,49),(20,9,132),(20,10,53),(20,11,197),(20,12,25),(20,13,184),(20,14,200),(20,15,124),(20,16,93),(20,17,123),(20,18,99),(20,19,193),(20,20,129),(20,21,101),(20,22,110),(20,23,88),(20,24,183),(20,25,100),(20,26,144),(20,27,114),(20,28,18),(20,29,33),(20,30,146),(20,31,105),(20,32,191),(20,33,139),(20,34,172),(20,35,80),(20,36,137),(20,37,13),(20,38,165),(20,39,132),(20,40,65),(20,41,11),(20,42,153),(20,43,116),(20,44,120),(20,45,22),(20,46,7),(20,47,153),(20,48,128),(20,49,114),(20,50,126),(20,51,106),(20,52,3),(20,53,159),(20,54,100),(20,55,84),(20,56,55),(20,57,119),(20,58,11),(20,59,83),(20,60,109),(20,61,83),(20,62,169),(20,63,52),(20,64,72),(20,65,41),(20,66,52),(20,67,89),(20,68,5),(20,69,121),(20,70,45),(20,71,113),(20,72,143),(20,73,186),(20,74,31),(20,75,173),(20,76,56),(20,77,135),(20,78,80),(20,79,102),(20,80,1),(20,81,140),(20,82,87),(20,83,77),(20,84,166),(20,85,60),(20,86,196),(20,87,113),(20,88,94),(20,89,125),(20,90,7),(20,91,115),(20,92,180),(20,93,92),(20,94,154),(20,95,42),(20,96,39),(20,97,24),(20,98,99),(20,99,43),(20,100,35),(20,101,54),(20,102,168),(20,103,94),(20,104,185),(20,105,89),(20,106,68),(20,107,161),(20,108,26),(20,109,178),(20,110,82),(20,111,112),(20,112,121),(20,113,96),(20,114,154),(20,115,67),(20,116,58),(20,117,107),(20,118,91),(20,119,163),(20,120,25),(20,121,89),(20,122,168),(20,123,107),(20,124,171),(20,125,167),(20,126,61),(20,127,189),(20,128,27),(20,129,181),(20,130,94),(20,131,121),(20,132,8),(20,133,178),(20,134,7),(20,135,64),(20,136,87),(20,137,160),(20,138,137),(20,139,183),(20,140,173),(20,141,135),(20,142,28),(20,143,88),(20,144,188),(20,145,3),(20,146,119),(20,147,4),(20,148,101),(20,149,17),(20,150,200),(20,151,18),(20,152,43),(20,153,60),(20,154,105),(20,155,23),(20,156,81),(20,157,103),(20,158,79),(20,159,3),(20,160,176),(20,161,105),(20,162,195),(20,163,14),(20,164,139),(20,165,166),(20,166,121),(20,167,73),(20,168,200),(20,169,110),(20,170,77),(20,171,59),(20,172,88),(20,173,153),(20,174,125),(20,175,93),(20,176,63),(20,177,5),(20,178,183),(20,179,162),(20,180,123),(20,181,145),(20,182,112),(20,183,75),(20,184,12),(20,185,21),(20,186,1),(20,187,120),(20,188,53),(20,189,110),(20,190,149),(20,191,52),(20,192,92),(20,193,156),(20,194,71),(20,195,46),(20,196,106),(20,197,50),(20,198,85),(20,199,126),(20,200,182);
/*!40000 ALTER TABLE `inventory` ENABLE KEYS */;
UNLOCK TABLES;

--
-- Table structure for table `item`
--

DROP TABLE IF EXISTS `item`;
/*!40101 SET @saved_cs_client     = @@character_set_client */;
/*!50503 SET character_set_client = utf8mb4 */;
CREATE TABLE `item` (
  `item_id` int NOT NULL AUTO_INCREMENT,
  `dept_id` int NOT NULL,
  `item_price` decimal(8,2) NOT NULL,
  `item_name` varchar(100) NOT NULL,
  PRIMARY KEY (`item_id`),
  KEY `dept_id` (`dept_id`),
  CONSTRAINT `item_ibfk_1` FOREIGN KEY (`dept_id`) REFERENCES `department` (`dept_id`)
) ENGINE=InnoDB AUTO_INCREMENT=201 DEFAULT CHARSET=utf8mb4 COLLATE=utf8mb4_0900_ai_ci;
/*!40101 SET character_set_client = @saved_cs_client */;

--
-- Dumping data for table `item`
--

LOCK TABLES `item` WRITE;
/*!40000 ALTER TABLE `item` DISABLE KEYS */;
INSERT INTO `item` VALUES (1,1,299.99,'Smartphone'),(2,1,499.99,'Laptop'),(3,1,199.99,'Tablet'),(4,1,129.99,'Portable Speaker'),(5,1,59.99,'Bluetooth Headphones'),(6,1,89.99,'Smartwatch'),(7,1,39.99,'Wireless Mouse'),(8,1,69.99,'Mechanical Keyboard'),(9,1,349.99,'Smart Home Hub'),(10,1,799.99,'4K Television'),(11,2,39.99,'Jeans'),(12,2,19.99,'T-Shirt'),(13,2,59.99,'Jacket'),(14,2,29.99,'Sweatshirt'),(15,2,89.99,'Blazer'),(16,2,14.99,'Scarf'),(17,2,79.99,'Winter Boots'),(18,2,24.99,'Socks Pack'),(19,2,49.99,'Track Pants'),(20,2,69.99,'Leather Jacket'),(21,3,79.99,'Blender'),(22,3,49.99,'Toaster'),(23,3,99.99,'Microwave Oven'),(24,3,14.99,'Measuring Cups'),(25,3,29.99,'Cutting Board'),(26,3,24.99,'Glass Storage Containers'),(27,3,49.99,'Air Fryer'),(28,3,74.99,'Pressure Cooker'),(29,3,89.99,'Slow Cooker'),(30,3,19.99,'Casserole Dish'),(31,4,14.99,'Action Figure'),(32,4,19.99,'Board Game'),(33,4,24.99,'Remote Control Car'),(34,4,29.99,'LEGO Set'),(35,4,9.99,'Jump Rope'),(36,4,39.99,'Dollhouse'),(37,4,49.99,'Magic Kit'),(38,4,59.99,'Remote Control Drone'),(39,4,19.99,'Toy Airplane'),(40,4,39.99,'Toy Robot'),(41,5,99.99,'Basketball'),(42,5,149.99,'Tennis Racket'),(43,5,29.99,'Yoga Mat'),(44,5,49.99,'Football'),(45,5,59.99,'Golf Balls Pack'),(46,5,89.99,'Gym Bag'),(47,5,79.99,'Baseball Bat'),(48,5,59.99,'Fishing Rod'),(49,5,99.99,'Helmet'),(50,5,129.99,'Exercise Bike'),(51,6,12.99,'Mystery Novel'),(52,6,6.99,'Magazine'),(53,6,29.99,'Hardcover Book'),(54,6,19.99,'Cookbook'),(55,6,9.99,'Comic Book'),(56,6,49.99,'Encyclopedia'),(57,6,14.99,'Notebook Journal'),(58,6,34.99,'Fantasy Novel'),(59,6,19.99,'Thriller Novel'),(60,6,39.99,'Graphic Novel'),(61,7,99.99,'Gold Necklace'),(62,7,149.99,'Diamond Earrings'),(63,7,39.99,'Silver Bracelet'),(64,7,69.99,'Engagement Ring'),(65,7,49.99,'Pendant'),(66,7,29.99,'Charm Bracelet'),(67,7,59.99,'Pearl Necklace'),(68,7,79.99,'Gemstone Ring'),(69,7,19.99,'Anklet'),(70,7,89.99,'Wedding Band'),(71,8,199.99,'Office Chair'),(72,8,399.99,'Sofa Set'),(73,8,149.99,'Coffee Table'),(74,8,79.99,'Bookshelf'),(75,8,299.99,'Dining Table'),(76,8,99.99,'Side Table'),(77,8,89.99,'Bed Frame'),(78,8,49.99,'Nightstand'),(79,8,69.99,'TV Stand'),(80,8,19.99,'Stool'),(81,9,24.99,'Shampoo'),(82,9,15.99,'Conditioner'),(83,9,9.99,'Lotion'),(84,9,7.99,'Body Wash'),(85,9,19.99,'Perfume'),(86,9,6.99,'Deodorant'),(87,9,14.99,'Nail Polish Set'),(88,9,19.99,'Exfoliating Scrub'),(89,9,22.99,'Hair Straightener'),(90,9,29.99,'Hair Dryer'),(91,10,29.99,'Rolling Chair'),(92,10,89.99,'Standing Desk'),(93,10,49.99,'Printer'),(94,10,14.99,'Paper Shredder'),(95,10,19.99,'Desk Organizer'),(96,10,34.99,'Cable Management Kit'),(97,10,19.99,'Desk Mat'),(98,10,59.99,'Laptop Stand'),(99,10,9.99,'Stapler'),(100,10,29.99,'Whiteboard'),(101,11,9.99,'Cat Toy Set'),(102,11,19.99,'Dog Leash'),(103,11,14.99,'Bird Cage'),(104,11,24.99,'Fish Tank'),(105,11,29.99,'Pet Bed'),(106,11,39.99,'Dog Crate'),(107,11,4.99,'Hamster Wheel'),(108,11,19.99,'Pet Shampoo'),(109,11,29.99,'Dog Collar'),(110,11,14.99,'Litter Box'),(111,12,59.99,'Running Shoes'),(112,12,89.99,'Hiking Boots'),(113,12,29.99,'Flip-Flops'),(114,12,49.99,'Casual Sneakers'),(115,12,79.99,'Formal Shoes'),(116,12,99.99,'Soccer Cleats'),(117,12,14.99,'Shoe Laces'),(118,12,39.99,'Slippers'),(119,12,129.99,'Leather Sandals'),(120,12,19.99,'Waterproof Boots'),(121,13,149.99,'Electric Guitar'),(122,13,299.99,'Digital Piano'),(123,13,19.99,'Guitar Strings'),(124,13,9.99,'Music Book'),(125,13,49.99,'Headphones'),(126,13,24.99,'Microphone Stand'),(127,13,59.99,'Drum Sticks'),(128,13,349.99,'DJ Mixer'),(129,13,89.99,'Violin'),(130,13,19.99,'Ukulele'),(131,14,59.99,'Racing Game'),(132,14,69.99,'Adventure Game'),(133,14,399.99,'Gaming Console'),(134,14,19.99,'Game Controller'),(135,14,89.99,'Headset with Mic'),(136,14,14.99,'Game Disk Storage'),(137,14,29.99,'Game Keyboard'),(138,14,49.99,'Virtual Reality Game'),(139,14,24.99,'Mouse Pad'),(140,14,99.99,'Streaming Device'),(141,15,29.99,'Resistance Bands'),(142,15,89.99,'Treadmill'),(143,15,24.99,'Yoga Mat'),(144,15,34.99,'Dumbbells'),(145,15,59.99,'Kettlebell'),(146,15,49.99,'Pull-Up Bar'),(147,15,99.99,'Elliptical Machine'),(148,15,14.99,'Jump Rope'),(149,15,69.99,'Rowing Machine'),(150,15,129.99,'Exercise Bike'),(151,16,299.99,'Ergonomic Chair'),(152,16,599.99,'Executive Desk'),(153,16,129.99,'Monitor Arm'),(154,16,24.99,'Desk Lamp'),(155,16,49.99,'File Cabinet'),(156,16,19.99,'Mouse Pad with Wrist Support'),(157,16,39.99,'Foot Rest'),(158,16,79.99,'Desk Organizer Set'),(159,16,249.99,'Dual Monitor Stand'),(160,16,99.99,'Conference Speaker'),(161,17,89.99,'Smart Bulbs'),(162,17,199.99,'Smart Thermostat'),(163,17,299.99,'Smart Doorbell'),(164,17,49.99,'Smart Plug'),(165,17,149.99,'Security Camera'),(166,17,249.99,'Home Assistant Speaker'),(167,17,19.99,'Smart Light Switch'),(168,17,79.99,'Motion Detector'),(169,17,349.99,'Smart Lock'),(170,17,39.99,'Wi-Fi Extender'),(171,18,129.99,'Camping Tent'),(172,18,89.99,'Sleeping Bag'),(173,18,59.99,'Hiking Backpack'),(174,18,29.99,'Water Bottle'),(175,18,99.99,'Portable Grill'),(176,18,49.99,'Camping Stove'),(177,18,14.99,'Fire Starter'),(178,18,19.99,'Lantern'),(179,18,34.99,'First Aid Kit'),(180,18,39.99,'Hiking Poles'),(181,19,79.99,'Cordless Drill'),(182,19,29.99,'Wrench Set'),(183,19,14.99,'Hammer'),(184,19,49.99,'Saw'),(185,19,19.99,'Screwdriver Set'),(186,19,99.99,'Power Sander'),(187,19,34.99,'Socket Wrench'),(188,19,59.99,'Circular Saw'),(189,19,24.99,'Level Tool'),(190,19,44.99,'Measuring Tape'),(191,20,29.99,'Acrylic Paint Set'),(192,20,14.99,'Sketchbook'),(193,20,9.99,'Paint Brushes'),(194,20,19.99,'Oil Pastels'),(195,20,24.99,'Watercolor Paper'),(196,20,39.99,'Easel'),(197,20,49.99,'Calligraphy Pen Set'),(198,20,34.99,'Colored Pencils'),(199,20,89.99,'Digital Drawing Tablet'),(200,20,12.99,'Charcoal Sticks');
/*!40000 ALTER TABLE `item` ENABLE KEYS */;
UNLOCK TABLES;

--
-- Table structure for table `lineitems`
--

DROP TABLE IF EXISTS `lineitems`;
/*!40101 SET @saved_cs_client     = @@character_set_client */;
/*!50503 SET character_set_client = utf8mb4 */;
CREATE TABLE `lineitems` (
  `item_id` int NOT NULL,
  `trans_id` bigint NOT NULL,
  `li_count` smallint NOT NULL,
  PRIMARY KEY (`item_id`,`trans_id`),
  KEY `trans_id` (`trans_id`),
  CONSTRAINT `lineitems_ibfk_1` FOREIGN KEY (`item_id`) REFERENCES `item` (`item_id`),
  CONSTRAINT `lineitems_ibfk_2` FOREIGN KEY (`trans_id`) REFERENCES `transaction` (`trans_id`)
) ENGINE=InnoDB DEFAULT CHARSET=utf8mb4 COLLATE=utf8mb4_0900_ai_ci;
/*!40101 SET character_set_client = @saved_cs_client */;

--
-- Dumping data for table `lineitems`
--

LOCK TABLES `lineitems` WRITE;
/*!40000 ALTER TABLE `lineitems` DISABLE KEYS */;
INSERT INTO `lineitems` VALUES (1,45,2),(1,106,9),(1,125,4),(1,156,7),(1,213,8),(2,10,8),(2,184,9),(3,11,6),(3,13,1),(3,109,2),(4,70,4),(4,231,9),(6,2,9),(6,187,7),(6,192,6),(7,146,9),(7,177,10),(7,189,9),(7,209,6),(8,2,6),(8,61,4),(8,154,7),(8,168,3),(8,182,1),(9,98,2),(9,218,8),(10,29,6),(10,110,7),(11,37,7),(11,112,4),(11,153,3),(11,177,9),(11,221,6),(12,156,1),(12,199,10),(12,202,10),(12,213,4),(12,236,3),(13,39,9),(13,103,1),(13,121,8),(13,126,6),(13,204,7),(14,10,9),(14,58,2),(14,68,6),(14,216,7),(14,240,8),(15,107,8),(16,166,8),(16,190,8),(17,13,5),(17,33,2),(17,56,3),(17,215,3),(18,79,5),(18,107,2),(18,119,2),(18,137,8),(18,147,5),(19,73,7),(19,169,3),(20,8,9),(20,30,5),(20,32,5),(20,204,9),(21,46,10),(21,55,1),(21,56,8),(21,183,8),(22,7,2),(22,82,9),(22,99,7),(22,101,5),(22,141,10),(22,212,5),(23,44,10),(23,91,1),(23,114,8),(23,119,2),(23,191,4),(23,198,3),(24,178,8),(24,205,4),(25,35,9),(25,163,5),(26,4,9),(26,72,7),(26,214,1),(27,140,2),(27,214,9),(27,223,3),(28,17,4),(28,46,10),(28,57,6),(29,64,4),(29,123,6),(30,118,9),(31,187,3),(31,227,4),(32,16,5),(32,86,2),(32,159,2),(32,165,8),(32,199,1),(33,129,4),(34,58,3),(34,164,2),(34,172,7),(34,207,1),(34,240,7),(35,42,4),(35,62,6),(35,178,6),(35,203,7),(36,45,4),(37,125,7),(37,179,3),(38,18,5),(38,76,2),(38,132,1),(38,172,3),(39,49,3),(39,80,3),(39,116,9),(39,189,9),(40,4,7),(40,38,9),(40,103,4),(40,224,2),(41,37,9),(41,171,7),(41,221,8),(43,8,10),(43,106,3),(43,176,10),(43,181,4),(43,210,5),(44,86,6),(44,90,2),(45,21,2),(45,78,4),(45,129,7),(46,38,7),(47,3,6),(47,16,3),(47,50,9),(47,188,8),(47,232,3),(48,86,4),(48,108,7),(48,143,9),(48,153,8),(48,208,6),(48,217,1),(49,71,1),(49,105,10),(49,119,7),(49,128,5),(49,162,6),(50,87,5),(50,114,5),(50,234,3),(51,32,2),(51,39,9),(51,216,5),(52,12,8),(52,79,8),(52,123,5),(52,150,10),(52,179,1),(53,11,10),(53,110,9),(53,128,6),(53,176,9),(54,107,1),(54,114,8),(54,145,2),(54,149,10),(54,164,2),(54,177,1),(55,80,6),(55,82,6),(55,109,7),(55,144,5),(56,74,8),(56,80,7),(58,136,6),(58,216,6),(59,65,8),(59,91,9),(59,148,4),(60,97,4),(60,100,3),(60,108,4),(60,141,7),(60,158,6),(60,183,8),(60,237,6),(61,15,4),(61,32,9),(61,80,5),(61,81,9),(61,159,6),(62,42,5),(62,138,5),(63,52,8),(63,210,2),(63,241,10),(64,20,3),(64,104,3),(64,191,2),(64,208,3),(64,227,4),(65,122,8),(65,170,8),(66,240,6),(67,35,1),(67,84,7),(67,142,6),(67,199,10),(68,56,10),(68,63,10),(68,198,1),(69,48,3),(69,77,6),(69,161,1),(69,186,6),(69,226,2),(70,17,3),(70,105,5),(71,89,1),(72,87,5),(72,113,4),(72,156,9),(73,1,6),(73,23,7),(73,77,4),(73,203,3),(73,231,6),(74,86,5),(75,44,9),(75,67,4),(75,151,4),(75,157,5),(76,3,9),(76,34,2),(76,93,3),(77,4,5),(78,241,6),(79,41,7),(79,160,3),(79,168,10),(80,192,2),(80,213,5),(81,50,3),(81,51,4),(81,124,2),(81,166,8),(83,1,10),(83,15,3),(83,18,9),(84,64,5),(84,122,5),(84,199,1),(85,33,5),(86,30,7),(86,38,5),(86,60,3),(86,145,2),(86,230,10),(87,25,4),(87,203,9),(88,94,1),(88,123,7),(88,129,1),(88,148,6),(89,92,2),(89,111,5),(89,176,2),(90,52,1),(90,107,6),(90,201,4),(91,40,2),(91,67,4),(91,119,4),(92,26,9),(92,30,6),(92,95,8),(92,97,5),(92,170,5),(92,192,3),(93,1,4),(93,227,10),(94,94,2),(94,121,3),(94,184,6),(94,225,2),(96,42,1),(96,108,5),(96,179,8),(97,35,10),(98,38,4),(98,59,6),(98,96,6),(98,172,8),(99,46,7),(99,117,5),(100,102,5),(100,126,5),(100,212,7),(100,233,3),(100,236,6),(102,27,3),(102,31,6),(102,117,5),(103,121,6),(103,158,7),(103,164,1),(103,200,6),(104,50,9),(104,88,8),(104,206,4),(105,14,7),(105,126,6),(106,128,6),(106,137,5),(106,172,7),(106,185,1),(106,193,4),(107,32,9),(107,44,4),(107,170,6),(107,241,7),(108,7,3),(108,27,3),(108,85,7),(108,125,1),(108,228,1),(109,139,9),(109,204,8),(111,182,3),(111,208,4),(111,233,8),(112,155,2),(112,164,2),(114,95,3),(114,205,1),(114,241,2),(115,69,2),(116,59,9),(116,90,9),(117,173,9),(117,194,7),(117,217,2),(118,112,2),(118,222,7),(119,22,6),(120,15,3),(120,97,4),(121,95,7),(121,150,7),(121,231,8),(122,166,1),(122,193,9),(123,71,10),(123,152,9),(123,154,8),(123,160,5),(123,219,1),(123,225,2),(124,17,10),(125,118,9),(126,57,8),(126,127,10),(126,186,1),(126,227,5),(126,231,9),(127,75,2),(127,81,8),(128,28,5),(128,135,1),(129,11,2),(129,84,1),(129,127,9),(129,165,9),(129,185,8),(129,197,1),(130,166,4),(131,23,1),(131,24,7),(131,58,6),(133,45,7),(133,49,3),(133,70,1),(133,103,6),(133,229,9),(134,59,10),(134,134,7),(135,15,2),(135,106,10),(135,168,1),(135,230,6),(136,34,7),(136,87,5),(136,94,7),(136,113,4),(137,43,10),(137,47,10),(137,52,1),(137,83,6),(137,122,8),(137,183,6),(137,240,6),(138,44,8),(138,78,7),(138,141,9),(138,216,8),(139,64,5),(139,77,7),(139,130,2),(139,173,8),(139,228,9),(139,232,4),(140,77,3),(140,103,2),(140,140,3),(140,202,1),(140,238,9),(141,78,6),(141,196,8),(141,210,6),(143,118,4),(143,122,5),(144,40,9),(144,66,6),(144,123,6),(144,214,10),(145,36,9),(145,124,2),(145,162,3),(145,173,4),(146,8,4),(146,76,1),(146,106,10),(146,127,9),(146,145,3),(147,2,3),(147,26,8),(147,29,5),(147,104,2),(147,109,7),(148,39,9),(148,96,3),(148,201,6),(149,165,8),(149,193,7),(150,54,1),(150,100,5),(150,162,3),(150,189,5),(150,200,5),(151,85,9),(151,100,3),(151,120,8),(151,137,2),(151,211,4),(151,230,7),(152,56,8),(152,88,4),(152,98,7),(152,229,5),(153,85,5),(153,179,10),(154,8,6),(154,87,6),(154,109,8),(155,27,3),(155,59,1),(156,78,7),(156,131,1),(156,171,6),(157,4,4),(157,73,1),(157,111,2),(157,126,2),(157,171,7),(158,150,10),(158,237,1),(158,238,7),(159,10,7),(159,31,1),(159,108,6),(159,167,10),(159,189,3),(160,187,2),(161,72,4),(161,142,1),(161,220,1),(162,9,7),(162,12,4),(162,24,7),(162,41,4),(163,47,2),(163,50,9),(163,161,7),(164,21,8),(164,30,4),(165,24,4),(165,128,6),(165,215,8),(166,91,2),(167,57,6),(167,174,1),(167,186,6),(167,197,7),(168,17,1),(168,22,4),(168,156,1),(168,235,8),(168,239,7),(169,39,5),(170,22,1),(170,53,5),(170,54,2),(170,60,9),(170,69,3),(170,71,9),(170,220,6),(171,5,6),(171,6,9),(171,168,8),(172,202,10),(172,238,9),(173,31,5),(173,37,2),(174,98,8),(174,127,4),(174,158,6),(175,141,4),(175,151,5),(175,180,1),(175,195,6),(176,20,4),(176,95,5),(176,151,9),(176,173,6),(177,18,8),(177,36,10),(177,204,9),(178,16,6),(178,153,9),(179,18,7),(179,74,8),(179,133,3),(179,192,4),(181,88,10),(182,67,6),(182,82,7),(182,175,10),(184,57,3),(184,206,7),(185,120,10),(185,235,1),(186,35,1),(186,69,10),(186,176,3),(187,75,1),(188,238,2),(189,61,6),(189,105,9),(189,222,7),(190,58,4),(190,62,9),(190,64,1),(190,129,3),(190,157,4),(190,214,5),(191,19,10),(191,52,5),(191,102,5),(191,121,3),(192,102,2),(193,175,9),(193,233,9),(194,25,6),(194,65,6),(194,111,8),(195,137,2),(195,182,2),(196,115,1),(196,169,2),(197,198,6),(197,202,2),(198,71,8),(198,144,8),(198,191,7),(199,5,6),(199,48,4),(199,159,7),(199,193,10),(199,198,8),(200,186,8),(200,203,6);
/*!40000 ALTER TABLE `lineitems` ENABLE KEYS */;
UNLOCK TABLES;

--
-- Table structure for table `location`
--

DROP TABLE IF EXISTS `location`;
/*!40101 SET @saved_cs_client     = @@character_set_client */;
/*!50503 SET character_set_client = utf8mb4 */;
CREATE TABLE `location` (
  `loc_id` int NOT NULL AUTO_INCREMENT,
  `loc_street_address` varchar(50) NOT NULL,
  `loc_city` varchar(50) NOT NULL,
  `loc_state` varchar(2) NOT NULL,
  `loc_zip` varchar(10) NOT NULL,
  `loc_country` varchar(50) NOT NULL,
  PRIMARY KEY (`loc_id`)
) ENGINE=InnoDB AUTO_INCREMENT=22 DEFAULT CHARSET=utf8mb4 COLLATE=utf8mb4_0900_ai_ci;
/*!40101 SET character_set_client = @saved_cs_client */;

--
-- Dumping data for table `location`
--

LOCK TABLES `location` WRITE;
/*!40000 ALTER TABLE `location` DISABLE KEYS */;
INSERT INTO `location` VALUES (1,'123 Main St','Springfield','IL','62701','USA'),(2,'456 Elm St','Shelbyville','IN','46176','USA'),(3,'789 Maple Ave','Ogdenville','OH','43123','USA'),(4,'101 Pine Rd','Capital City','TX','73301','USA'),(5,'202 Oak Dr','North Haverbrook','CA','90210','USA'),(6,'303 Cedar Ln','Brockway','FL','32724','USA'),(7,'404 Willow Blvd','Westfield','MA','01085','USA'),(8,'505 Birch St','Eastwood','NY','13210','USA'),(9,'606 Aspen Ave','South Park','CO','80440','USA'),(10,'707 Palm Dr','Quahog','RI','02888','USA'),(11,'808 Redwood Rd','Smallville','KS','67524','USA'),(12,'909 Fir St','Bedrock','AZ','86001','USA'),(13,'1010 Spruce Ave','Evergreen','OR','97005','USA'),(14,'1111 Poplar St','Lanford','IL','61111','USA'),(15,'1212 Ash Dr','Hawkins','IN','46032','USA'),(16,'1313 Chestnut Ln','Mayfield','KY','42066','USA'),(17,'1414 Magnolia St','Sunnydale','CA','93117','USA'),(18,'1515 Cottonwood Cir','Hill Valley','CA','95420','USA'),(19,'1616 Cypress Rd','Stars Hollow','CT','06492','USA'),(20,'1717 Juniper Ave','Twin Peaks','WA','98284','USA'),(21,'N/A','Online','NA','00000','Virtual');
/*!40000 ALTER TABLE `location` ENABLE KEYS */;
UNLOCK TABLES;

--
-- Table structure for table `managers`
--

DROP TABLE IF EXISTS `managers`;
/*!40101 SET @saved_cs_client     = @@character_set_client */;
/*!50503 SET character_set_client = utf8mb4 */;
CREATE TABLE `managers` (
  `store_id` int NOT NULL,
  `emp_id` int NOT NULL,
  PRIMARY KEY (`store_id`,`emp_id`),
  KEY `emp_id` (`emp_id`),
  CONSTRAINT `managers_ibfk_1` FOREIGN KEY (`store_id`) REFERENCES `store` (`store_id`),
  CONSTRAINT `managers_ibfk_2` FOREIGN KEY (`emp_id`) REFERENCES `employee` (`emp_id`)
) ENGINE=InnoDB DEFAULT CHARSET=utf8mb4 COLLATE=utf8mb4_0900_ai_ci;
/*!40101 SET character_set_client = @saved_cs_client */;

--
-- Dumping data for table `managers`
--

LOCK TABLES `managers` WRITE;
/*!40000 ALTER TABLE `managers` DISABLE KEYS */;
INSERT INTO `managers` VALUES (1,1),(1,6),(2,7),(2,12),(3,13),(3,18),(4,19),(4,24),(5,25),(5,30),(6,31),(7,37),(8,43),(9,49),(10,55),(21,61);
/*!40000 ALTER TABLE `managers` ENABLE KEYS */;
UNLOCK TABLES;

--
-- Table structure for table `patronage`
--

DROP TABLE IF EXISTS `patronage`;
/*!40101 SET @saved_cs_client     = @@character_set_client */;
/*!50503 SET character_set_client = utf8mb4 */;
CREATE TABLE `patronage` (
  `store_id` int NOT NULL,
  `cust_id` int NOT NULL,
  PRIMARY KEY (`store_id`,`cust_id`),
  KEY `cust_id` (`cust_id`),
  CONSTRAINT `patronage_ibfk_1` FOREIGN KEY (`store_id`) REFERENCES `store` (`store_id`),
  CONSTRAINT `patronage_ibfk_2` FOREIGN KEY (`cust_id`) REFERENCES `customer` (`cust_id`)
) ENGINE=InnoDB DEFAULT CHARSET=utf8mb4 COLLATE=utf8mb4_0900_ai_ci;
/*!40101 SET character_set_client = @saved_cs_client */;

--
-- Dumping data for table `patronage`
--

LOCK TABLES `patronage` WRITE;
/*!40000 ALTER TABLE `patronage` DISABLE KEYS */;
INSERT INTO `patronage` VALUES (16,1),(21,1),(15,2),(21,2),(4,3),(14,4),(21,4),(6,5),(21,5),(2,6),(12,7),(21,7),(14,8),(21,8),(15,9),(21,9),(17,10),(19,10),(21,10),(3,11),(19,11),(21,11),(12,12),(15,12),(21,12),(14,13),(21,13),(20,14),(21,14),(15,15),(20,16),(21,16),(19,17),(21,17),(3,18),(12,18),(21,18),(17,19),(10,20),(9,21),(21,21),(14,22),(7,23),(21,23),(7,24),(21,24),(2,25),(8,25),(21,25),(5,26),(19,27),(6,28),(21,28),(3,29),(11,29),(21,29),(15,30),(14,31),(14,32),(7,33),(21,33),(15,34),(21,34),(18,35),(21,35),(14,36),(21,36),(2,37),(21,37),(9,38),(21,38),(2,39),(21,39),(3,40),(1,41),(17,41),(21,41),(13,42),(21,42),(13,43),(21,43),(7,44),(21,44),(4,45),(12,45),(21,45),(6,46),(21,46),(6,47),(11,47),(21,47),(3,48),(21,48),(11,49),(12,49),(21,49),(17,50),(19,50),(21,50),(7,51),(4,52),(21,52),(3,53),(18,53),(21,53),(14,54),(21,54),(6,55),(19,55),(21,55),(18,56),(21,56),(5,57),(8,58),(16,58),(21,58),(13,59),(16,59),(21,59),(6,60),(10,60),(21,60),(3,61),(21,61),(1,62),(21,62),(8,63),(13,63),(21,63),(8,64),(21,64),(10,65),(14,65),(21,65),(9,66),(19,66),(21,66),(2,67),(21,67),(8,68),(10,68),(21,68),(8,69),(14,69),(21,69),(14,70),(18,70),(21,70),(18,71),(11,72),(21,72),(20,73),(21,73),(8,74),(12,75),(21,75),(7,76),(8,76),(21,76),(13,77),(21,77),(14,78),(21,78),(9,79),(21,79),(20,80),(21,80);
/*!40000 ALTER TABLE `patronage` ENABLE KEYS */;
UNLOCK TABLES;

--
-- Table structure for table `preferences`
--

DROP TABLE IF EXISTS `preferences`;
/*!40101 SET @saved_cs_client     = @@character_set_client */;
/*!50503 SET character_set_client = utf8mb4 */;
CREATE TABLE `preferences` (
  `cust_id` int NOT NULL,
  `trait_id` int NOT NULL,
  PRIMARY KEY (`cust_id`,`trait_id`),
  KEY `trait_id` (`trait_id`),
  CONSTRAINT `preferences_ibfk_1` FOREIGN KEY (`cust_id`) REFERENCES `customer` (`cust_id`),
  CONSTRAINT `preferences_ibfk_2` FOREIGN KEY (`trait_id`) REFERENCES `traits` (`trait_id`)
) ENGINE=InnoDB DEFAULT CHARSET=utf8mb4 COLLATE=utf8mb4_0900_ai_ci;
/*!40101 SET character_set_client = @saved_cs_client */;

--
-- Dumping data for table `preferences`
--

LOCK TABLES `preferences` WRITE;
/*!40000 ALTER TABLE `preferences` DISABLE KEYS */;
INSERT INTO `preferences` VALUES (13,1),(43,1),(59,1),(60,1),(21,2),(37,2),(39,2),(54,2),(56,2),(77,2),(78,2),(26,3),(27,3),(35,3),(41,3),(64,3),(5,4),(15,4),(6,5),(32,5),(52,5),(65,5),(78,5),(3,6),(24,6),(28,6),(33,6),(35,6),(49,6),(56,6),(64,6),(7,7),(31,7),(32,7),(36,7),(39,7),(40,7),(74,7),(1,8),(77,8),(12,9),(35,9),(72,9),(34,10),(44,10),(46,10),(62,10),(78,10),(22,11),(50,11),(55,11),(79,11),(11,12),(21,12),(25,12),(29,12),(49,12),(71,12),(36,13),(45,13),(49,13),(57,13),(19,14),(20,14),(25,14),(37,14),(77,14),(10,15),(29,15),(44,15),(65,15),(71,15),(11,16),(17,16),(50,16),(3,17),(23,17),(39,17),(41,17),(9,18),(18,18),(46,18),(65,18),(75,18),(19,19),(31,19),(62,19),(68,19),(73,19),(37,20),(45,20),(57,20),(58,20),(64,20),(73,20),(47,21),(55,21),(65,21),(67,21),(5,22),(8,22),(42,22),(47,22),(57,22),(59,22),(67,22),(69,22),(10,23),(32,23),(34,23),(66,23),(80,23),(4,24),(5,24),(6,24),(25,24),(51,24),(54,24),(76,24),(8,25),(59,25),(24,26),(50,26),(52,26),(80,26),(7,27),(16,27),(17,27),(21,27),(30,27),(36,27),(70,27),(4,28),(30,28),(33,28),(43,28),(80,28),(4,29),(13,29),(17,29),(35,29),(46,29),(50,29),(57,29),(63,29),(74,29),(2,30),(14,30),(48,30),(69,30),(15,31),(28,31),(33,31),(58,31),(61,31),(72,31),(74,31),(1,32),(2,32),(23,32),(56,32),(60,32),(73,32),(75,32),(18,33),(38,33),(14,34),(53,34),(56,34),(77,34),(7,35),(44,35),(62,35),(4,36),(62,36),(66,36),(67,36),(79,36),(11,37),(12,37),(25,37),(39,37),(49,37),(68,37),(76,37),(80,37),(7,38),(16,38),(29,38),(38,38),(10,39),(63,39),(68,39),(78,39),(22,40),(20,41),(30,41),(46,41),(48,41),(51,41),(59,41),(61,41),(5,42),(10,42),(26,42),(27,42),(30,42),(40,42),(45,42),(53,42);
/*!40000 ALTER TABLE `preferences` ENABLE KEYS */;
UNLOCK TABLES;

--
-- Table structure for table `store`
--

DROP TABLE IF EXISTS `store`;
/*!40101 SET @saved_cs_client     = @@character_set_client */;
/*!50503 SET character_set_client = utf8mb4 */;
CREATE TABLE `store` (
  `store_id` int NOT NULL AUTO_INCREMENT,
  `loc_id` int NOT NULL,
  `store_name` varchar(50) NOT NULL,
  `store_email` varchar(100) NOT NULL,
  `store_phone` varchar(15) NOT NULL,
  PRIMARY KEY (`store_id`),
  UNIQUE KEY `loc_id` (`loc_id`),
  CONSTRAINT `store_ibfk_1` FOREIGN KEY (`loc_id`) REFERENCES `location` (`loc_id`)
) ENGINE=InnoDB AUTO_INCREMENT=43 DEFAULT CHARSET=utf8mb4 COLLATE=utf8mb4_0900_ai_ci;
/*!40101 SET character_set_client = @saved_cs_client */;

--
-- Dumping data for table `store`
--

LOCK TABLES `store` WRITE;
/*!40000 ALTER TABLE `store` DISABLE KEYS */;
INSERT INTO `store` VALUES (1,1,'Downtown Site','contact@umbrella-company.com','312-555-1234'),(2,2,'Shelbyville Site','shelbyville@umbrella-company.com','317-555-5678'),(3,3,'Ogdenville Site','ogdenville@umbrella-company.com','614-555-9012'),(4,4,'Capital City Site','capitalcity@umbrella-company.com','737-555-3456'),(5,5,'North Haverbrook Site','northhaverbrook@umbrella-company.com','310-555-7890'),(6,6,'Brockway Site','brockway@umbrella-company.com','407-555-2345'),(7,7,'Westfield Site','westfield@umbrella-company.com','413-555-6789'),(8,8,'Eastwood Site','eastwood@umbrella-company.com','315-555-1122'),(9,9,'South Park Site','southpark@umbrella-company.com','719-555-3344'),(10,10,'Quahog Site','quahog@umbrella-company.com','401-555-5566'),(11,11,'Smallville Site','smallville@umbrella-company.com','785-555-7788'),(12,12,'Bedrock Site','bedrock@umbrella-company.com','928-555-9900'),(13,13,'Evergreen Site','evergreen@umbrella-company.com','503-555-2211'),(14,14,'Lanford Site','lanford@umbrella-company.com','773-555-4433'),(15,15,'Hawkins Site','hawkins@umbrella-company.com','317-555-6655'),(16,16,'Mayfield Site','mayfield@umbrella-company.com','707-555-8877'),(17,17,'Sunnydale Site','sunnydale@umbrella-company.com','203-555-0099'),(18,18,'Hill Valley Site','hillvalley@umbrella-company.com','360-555-3322'),(19,19,'Stars Hollow Site','starshollow@umbrella-company.com','860-555-5544'),(20,20,'Twin Peaks Site','twinpeaks@umbrella-company.com','425-555-7766'),(21,21,'Online Site','online@umbrella-company.com','555-555-0000');
/*!40000 ALTER TABLE `store` ENABLE KEYS */;
UNLOCK TABLES;

--
-- Table structure for table `traits`
--

DROP TABLE IF EXISTS `traits`;
/*!40101 SET @saved_cs_client     = @@character_set_client */;
/*!50503 SET character_set_client = utf8mb4 */;
CREATE TABLE `traits` (
  `trait_id` int NOT NULL AUTO_INCREMENT,
  `trait_name` varchar(25) NOT NULL,
  `trait_description` varchar(255) NOT NULL,
  PRIMARY KEY (`trait_id`),
  UNIQUE KEY `trait_name` (`trait_name`),
  UNIQUE KEY `trait_description` (`trait_description`)
) ENGINE=InnoDB AUTO_INCREMENT=43 DEFAULT CHARSET=utf8mb4 COLLATE=utf8mb4_0900_ai_ci;
/*!40101 SET character_set_client = @saved_cs_client */;

--
-- Dumping data for table `traits`
--

LOCK TABLES `traits` WRITE;
/*!40000 ALTER TABLE `traits` DISABLE KEYS */;
INSERT INTO `traits` VALUES (1,'Minimalist','Simple and sleek design'),(2,'Ergonomic','Designed for comfort and efficiency'),(3,'Vintage Style','Features a retro or classic style'),(4,'Modern Style','Has a contemporary, up-to-date design'),(5,'For Adults','Suitable for adult use'),(6,'For Kids','Safe and fun for children'),(7,'For Pets','Designed specifically for pets'),(8,'Unisex','Appropriate for all genders'),(9,'Yellow','This item is available in yellow color'),(10,'Gray','This item is available in gray color'),(11,'Pink','This item is available in pink color'),(12,'Brown','This item is available in brown color'),(13,'Purple','This item is available in purple color'),(14,'Orange','This item is available in orange color'),(15,'Teal','This item is available in teal color'),(16,'Navy','This item is available in navy color'),(17,'Beige','This item is available in beige color'),(18,'Gold','This item is available in gold color'),(19,'XS','This item is available in extra small size'),(20,'XXS','This item is available in extra extra small size'),(21,'Small','This item is available in small size'),(22,'Medium','This item is available in medium size'),(23,'Large','This item is available in large size'),(24,'XL','This item is available in extra-large size'),(25,'XXL','This item is available in extra extra large size'),(26,'3XL','This item is available in triple extra large size'),(27,'4XL','This item is available in quad extra large size'),(28,'Cotton','Made from soft, breathable cotton material'),(29,'Denim','Made from durable denim material'),(30,'Leather','Crafted from high-quality leather'),(31,'Plastic','Made from durable plastic'),(32,'Metal','Constructed from sturdy metal'),(33,'Wood','Made from natural wood materials'),(34,'Polyester','Made from lightweight polyester material'),(35,'Blend','Made from a blend of materials for comfort and style'),(36,'Recyclable','Can be recycled after use'),(37,'Handcrafted','Carefully made by hand'),(38,'Foldable','Can be folded for convenience or storage'),(39,'Stackable','Can be stacked for efficient use of space'),(40,'Easy to Clean','Requires minimal effort to clean'),(41,'Weather-Resistant','Can withstand outdoor weather conditions'),(42,'Shockproof','Resistant to damage from impact');
/*!40000 ALTER TABLE `traits` ENABLE KEYS */;
UNLOCK TABLES;

--
-- Table structure for table `transaction`
--

DROP TABLE IF EXISTS `transaction`;
/*!40101 SET @saved_cs_client     = @@character_set_client */;
/*!50503 SET character_set_client = utf8mb4 */;
CREATE TABLE `transaction` (
  `trans_id` bigint NOT NULL AUTO_INCREMENT,
  `cust_id` int NOT NULL,
  `store_id` int NOT NULL,
  `trans_date` datetime NOT NULL,
  `trans_type` varchar(10) NOT NULL,
  PRIMARY KEY (`trans_id`),
  KEY `cust_id` (`cust_id`),
  KEY `store_id` (`store_id`),
  CONSTRAINT `transaction_ibfk_1` FOREIGN KEY (`cust_id`) REFERENCES `customer` (`cust_id`),
  CONSTRAINT `transaction_ibfk_2` FOREIGN KEY (`store_id`) REFERENCES `store` (`store_id`)
) ENGINE=InnoDB AUTO_INCREMENT=242 DEFAULT CHARSET=utf8mb4 COLLATE=utf8mb4_0900_ai_ci;
/*!40101 SET character_set_client = @saved_cs_client */;

--
-- Dumping data for table `transaction`
--

LOCK TABLES `transaction` WRITE;
/*!40000 ALTER TABLE `transaction` DISABLE KEYS */;
INSERT INTO `transaction` VALUES (1,1,21,'2024-08-16 14:26:43','Purchase'),(2,1,21,'2024-07-02 03:22:25','Return'),(3,1,21,'2024-02-20 13:42:11','Purchase'),(4,1,21,'2024-02-16 14:33:42','Purchase'),(5,2,21,'2024-05-29 22:41:30','Purchase'),(6,2,21,'2024-01-03 02:28:34','Purchase'),(7,2,21,'2024-08-06 15:27:43','Purchase'),(8,2,21,'2024-04-12 21:40:30','Purchase'),(9,3,4,'2024-04-05 19:31:15','Purchase'),(10,3,4,'2024-04-21 00:31:18','Return'),(11,3,21,'2024-11-04 08:27:30','Purchase'),(12,4,15,'2024-10-12 01:51:47','Purchase'),(13,4,21,'2023-11-17 13:39:23','Purchase'),(14,4,15,'2024-06-13 06:48:26','Purchase'),(15,5,16,'2024-05-24 05:32:34','Return'),(16,5,21,'2024-10-27 09:02:14','Purchase'),(17,6,21,'2024-01-27 16:08:10','Purchase'),(18,6,6,'2024-10-02 17:05:48','Purchase'),(19,6,6,'2023-11-22 20:54:58','Purchase'),(20,7,21,'2024-01-18 21:02:33','Purchase'),(21,7,21,'2024-01-24 16:38:38','Purchase'),(22,7,3,'2024-04-08 16:44:11','Purchase'),(23,7,21,'2024-07-12 06:53:45','Purchase'),(24,8,12,'2024-03-07 10:34:18','Purchase'),(25,8,12,'2024-11-10 17:09:57','Purchase'),(26,8,21,'2024-02-28 06:32:27','Purchase'),(27,8,12,'2024-03-13 12:37:04','Return'),(28,9,10,'2024-03-27 07:18:52','Purchase'),(29,9,10,'2024-02-05 17:14:07','Return'),(30,9,10,'2024-05-01 07:56:54','Purchase'),(31,9,5,'2024-08-30 04:59:27','Purchase'),(32,10,21,'2024-11-13 01:03:28','Purchase'),(33,10,21,'2024-02-09 17:05:47','Purchase'),(34,11,8,'2024-03-10 01:13:42','Purchase'),(35,11,21,'2024-05-07 06:22:45','Purchase'),(36,11,7,'2024-02-22 01:02:53','Purchase'),(37,11,21,'2024-04-15 04:55:02','Purchase'),(38,12,9,'2024-01-29 18:06:52','Purchase'),(39,12,21,'2024-03-12 18:28:13','Purchase'),(40,13,21,'2024-11-14 03:35:17','Purchase'),(41,13,19,'2024-06-25 06:38:30','Purchase'),(42,13,21,'2024-10-17 00:38:08','Purchase'),(43,13,19,'2024-10-21 04:48:09','Purchase'),(44,14,19,'2024-03-28 07:22:16','Purchase'),(45,14,3,'2024-09-06 14:54:11','Purchase'),(46,14,21,'2024-08-11 22:18:15','Purchase'),(47,14,19,'2023-11-19 09:20:16','Purchase'),(48,15,4,'2024-03-17 18:47:07','Purchase'),(49,15,4,'2024-01-28 17:26:19','Purchase'),(50,16,19,'2024-02-28 12:15:17','Purchase'),(51,16,21,'2024-08-06 22:31:17','Purchase'),(52,16,21,'2024-09-29 15:09:33','Purchase'),(53,17,6,'2024-01-10 23:37:48','Purchase'),(54,17,21,'2024-08-23 13:49:00','Purchase'),(55,17,6,'2024-01-26 18:26:12','Purchase'),(56,17,21,'2024-06-02 07:07:49','Purchase'),(57,18,4,'2024-02-07 08:25:14','Purchase'),(58,18,4,'2023-12-09 12:39:27','Return'),(59,18,21,'2024-07-25 13:54:14','Purchase'),(60,18,21,'2024-01-13 21:58:46','Purchase'),(61,19,15,'2024-01-18 00:13:52','Purchase'),(62,19,15,'2024-02-23 13:30:43','Purchase'),(63,19,21,'2023-12-06 03:21:55','Purchase'),(64,19,15,'2024-02-04 22:10:44','Purchase'),(65,20,21,'2023-12-10 06:47:14','Purchase'),(66,20,12,'2024-03-16 14:12:52','Purchase'),(67,20,8,'2024-01-07 00:49:58','Purchase'),(68,21,21,'2023-12-18 07:03:16','Purchase'),(69,21,13,'2024-11-02 09:51:04','Purchase'),(70,21,13,'2023-11-24 11:52:38','Purchase'),(71,21,13,'2024-09-28 22:44:31','Purchase'),(72,22,18,'2024-02-19 15:24:41','Purchase'),(73,22,18,'2024-04-21 12:19:22','Return'),(74,23,5,'2024-10-26 05:50:24','Purchase'),(75,23,21,'2024-04-15 09:32:29','Purchase'),(76,23,21,'2024-09-08 03:33:58','Purchase'),(77,23,21,'2023-12-22 10:15:47','Purchase'),(78,24,10,'2024-03-20 15:20:53','Return'),(79,24,10,'2024-03-17 09:56:05','Purchase'),(80,25,8,'2024-04-16 04:42:21','Purchase'),(81,25,21,'2024-11-06 03:25:28','Purchase'),(82,25,21,'2024-09-01 05:59:45','Purchase'),(83,25,21,'2024-04-18 09:46:06','Purchase'),(84,26,17,'2024-06-11 23:08:22','Purchase'),(85,26,21,'2024-10-23 10:23:45','Purchase'),(86,26,17,'2024-08-27 17:54:47','Return'),(87,27,19,'2024-08-17 18:26:25','Purchase'),(88,27,19,'2024-05-15 21:47:27','Purchase'),(89,27,21,'2023-12-13 21:56:17','Return'),(90,28,19,'2024-06-30 18:18:45','Purchase'),(91,28,19,'2024-06-16 16:34:24','Purchase'),(92,28,19,'2024-04-28 02:16:33','Purchase'),(93,29,18,'2024-10-23 20:15:50','Purchase'),(94,29,21,'2024-04-29 13:54:05','Purchase'),(95,29,21,'2024-09-29 02:12:44','Purchase'),(96,30,18,'2024-03-31 05:38:26','Purchase'),(97,30,21,'2024-08-21 22:47:58','Purchase'),(98,30,18,'2024-01-31 17:04:29','Purchase'),(99,31,21,'2023-12-25 11:38:50','Purchase'),(100,31,8,'2023-12-23 08:14:04','Purchase'),(101,31,21,'2024-10-07 18:02:54','Return'),(102,31,8,'2024-02-03 00:06:15','Purchase'),(103,32,9,'2024-08-08 12:51:11','Purchase'),(104,32,21,'2024-11-01 05:11:00','Purchase'),(105,33,8,'2024-07-29 15:17:47','Purchase'),(106,33,21,'2024-08-19 14:17:12','Purchase'),(107,33,8,'2024-04-03 06:46:22','Purchase'),(108,34,13,'2024-09-21 18:49:57','Return'),(109,34,13,'2024-09-28 13:04:59','Purchase'),(110,35,21,'2024-06-03 10:30:43','Purchase'),(111,35,19,'2024-03-18 09:30:04','Purchase'),(112,35,21,'2024-01-27 00:41:59','Purchase'),(113,35,19,'2024-07-30 11:16:45','Purchase'),(114,36,21,'2024-09-07 20:47:02','Purchase'),(115,36,2,'2024-10-31 16:24:41','Purchase'),(116,36,19,'2024-05-29 00:00:57','Purchase'),(117,37,21,'2024-06-05 22:29:28','Purchase'),(118,37,21,'2024-07-17 05:38:54','Purchase'),(119,37,4,'2024-09-21 09:08:06','Purchase'),(120,38,21,'2024-06-08 04:29:43','Purchase'),(121,38,21,'2024-07-09 07:48:44','Purchase'),(122,38,10,'2024-05-04 04:14:01','Purchase'),(123,39,21,'2024-06-17 04:17:50','Purchase'),(124,39,19,'2024-09-26 14:53:18','Purchase'),(125,39,19,'2024-10-11 01:21:33','Purchase'),(126,40,21,'2023-12-22 05:25:56','Purchase'),(127,40,21,'2024-05-23 13:46:19','Purchase'),(128,41,9,'2024-10-21 02:49:22','Purchase'),(129,41,9,'2024-10-11 07:31:15','Purchase'),(130,41,7,'2024-05-06 22:52:17','Purchase'),(131,42,21,'2024-08-15 23:10:11','Purchase'),(132,42,21,'2024-10-01 02:16:50','Purchase'),(133,42,3,'2024-02-03 20:51:34','Purchase'),(134,42,3,'2024-09-27 09:23:10','Purchase'),(135,43,17,'2024-07-19 17:14:58','Purchase'),(136,43,21,'2024-08-30 21:39:56','Purchase'),(137,43,21,'2024-04-18 19:21:30','Purchase'),(138,43,17,'2024-03-06 19:14:18','Purchase'),(139,44,8,'2024-06-29 17:20:37','Purchase'),(140,44,21,'2024-07-27 00:26:44','Purchase'),(141,45,3,'2024-07-09 20:03:49','Purchase'),(142,45,3,'2024-04-28 02:22:45','Purchase'),(143,45,21,'2024-10-26 15:37:34','Purchase'),(144,46,21,'2024-09-18 07:50:45','Return'),(145,46,21,'2024-11-11 09:19:51','Purchase'),(146,47,4,'2024-10-19 10:36:29','Purchase'),(147,47,21,'2023-12-30 06:55:13','Purchase'),(148,47,4,'2024-10-15 12:25:36','Return'),(149,47,4,'2024-07-04 21:38:45','Purchase'),(150,48,21,'2024-08-14 21:54:00','Purchase'),(151,48,21,'2024-05-05 12:09:56','Purchase'),(152,48,21,'2024-05-08 15:11:05','Purchase'),(153,49,21,'2024-08-16 21:47:01','Purchase'),(154,49,9,'2024-11-03 03:21:20','Purchase'),(155,50,21,'2024-02-17 23:14:08','Purchase'),(156,50,13,'2024-01-10 04:56:44','Purchase'),(157,50,13,'2024-09-25 20:02:53','Purchase'),(158,51,21,'2024-05-19 08:33:05','Purchase'),(159,51,21,'2024-06-27 07:53:02','Purchase'),(160,51,12,'2024-04-06 08:00:33','Purchase'),(161,52,8,'2024-09-10 18:13:21','Purchase'),(162,52,8,'2023-11-18 04:59:19','Purchase'),(163,52,20,'2024-11-01 06:45:38','Purchase'),(164,53,15,'2024-02-02 00:08:09','Purchase'),(165,53,11,'2024-09-04 23:06:14','Purchase'),(166,53,15,'2024-01-15 04:44:08','Return'),(167,54,21,'2024-09-18 10:10:03','Purchase'),(168,54,7,'2023-11-23 14:04:07','Purchase'),(169,54,7,'2024-09-12 22:37:22','Purchase'),(170,54,21,'2024-08-13 01:54:10','Purchase'),(171,55,21,'2024-05-14 03:35:21','Purchase'),(172,55,4,'2024-02-24 13:58:35','Purchase'),(173,56,11,'2024-09-10 15:00:44','Purchase'),(174,56,11,'2024-03-19 13:11:12','Purchase'),(175,56,11,'2024-06-29 00:10:45','Purchase'),(176,56,11,'2024-02-09 09:44:20','Purchase'),(177,57,2,'2024-07-23 06:52:26','Purchase'),(178,57,2,'2024-04-24 17:11:31','Purchase'),(179,57,21,'2024-11-11 08:22:26','Purchase'),(180,58,21,'2023-12-13 03:50:56','Purchase'),(181,58,21,'2024-04-25 08:56:07','Purchase'),(182,58,21,'2024-03-21 18:22:30','Purchase'),(183,59,21,'2024-07-21 01:27:51','Purchase'),(184,59,21,'2024-06-25 06:23:12','Purchase'),(185,60,20,'2024-03-24 08:01:13','Purchase'),(186,60,20,'2024-02-03 11:04:53','Purchase'),(187,61,5,'2024-10-14 02:59:47','Purchase'),(188,61,21,'2023-12-22 15:56:16','Purchase'),(189,62,21,'2023-12-21 16:29:27','Purchase'),(190,62,21,'2024-06-09 09:54:04','Purchase'),(191,62,16,'2024-07-31 19:23:43','Return'),(192,63,21,'2024-08-11 15:29:52','Purchase'),(193,63,3,'2024-10-23 02:54:37','Purchase'),(194,64,3,'2024-05-18 20:38:05','Return'),(195,64,21,'2024-10-12 15:44:48','Purchase'),(196,64,3,'2023-12-15 20:48:12','Purchase'),(197,64,21,'2024-01-09 18:20:19','Purchase'),(198,65,4,'2024-10-30 06:14:05','Purchase'),(199,65,4,'2024-10-24 11:51:09','Purchase'),(200,65,21,'2024-06-03 12:51:58','Purchase'),(201,65,15,'2024-05-13 15:29:12','Purchase'),(202,66,15,'2024-09-18 23:27:48','Purchase'),(203,66,15,'2024-07-26 14:51:27','Purchase'),(204,66,20,'2024-04-06 01:19:01','Purchase'),(205,66,21,'2023-11-17 23:02:30','Purchase'),(206,67,14,'2024-06-18 20:15:42','Purchase'),(207,67,13,'2024-01-05 12:15:29','Purchase'),(208,68,21,'2024-02-11 04:19:07','Purchase'),(209,68,21,'2024-02-05 08:29:12','Purchase'),(210,69,21,'2023-11-22 06:59:27','Return'),(211,69,1,'2024-09-18 16:44:51','Purchase'),(212,69,1,'2024-11-05 12:11:52','Purchase'),(213,70,18,'2024-08-18 05:23:23','Purchase'),(214,70,21,'2024-04-09 05:11:27','Purchase'),(215,71,21,'2024-08-29 12:54:25','Purchase'),(216,71,21,'2024-01-18 14:14:55','Return'),(217,71,15,'2023-12-28 02:25:41','Purchase'),(218,72,21,'2024-05-12 08:02:11','Purchase'),(219,72,2,'2024-06-15 15:15:37','Purchase'),(220,72,2,'2024-09-07 13:58:57','Return'),(221,73,11,'2024-04-27 21:25:18','Return'),(222,73,21,'2024-07-13 22:20:23','Purchase'),(223,74,5,'2024-01-20 16:44:42','Purchase'),(224,74,5,'2024-08-16 07:12:06','Purchase'),(225,74,5,'2024-06-14 04:10:34','Purchase'),(226,75,11,'2024-01-05 02:51:37','Purchase'),(227,75,11,'2024-10-29 08:53:06','Purchase'),(228,75,11,'2024-09-29 21:24:03','Purchase'),(229,75,21,'2024-07-06 10:47:58','Purchase'),(230,76,2,'2024-06-26 18:14:43','Purchase'),(231,76,2,'2024-11-11 01:14:38','Purchase'),(232,77,21,'2024-02-09 14:46:06','Purchase'),(233,77,7,'2024-09-13 18:59:00','Purchase'),(234,77,7,'2024-08-18 02:32:22','Purchase'),(235,77,7,'2023-12-05 21:06:53','Purchase'),(236,78,21,'2024-04-01 18:45:32','Purchase'),(237,78,21,'2024-10-16 08:59:45','Return'),(238,79,17,'2024-03-09 12:40:58','Return'),(239,79,21,'2024-06-09 01:28:26','Purchase'),(240,80,1,'2023-11-29 03:04:06','Purchase'),(241,80,21,'2024-04-12 17:11:30','Return');
/*!40000 ALTER TABLE `transaction` ENABLE KEYS */;
UNLOCK TABLES;

--
-- Dumping routines for database 'sbd_icms'
--
SET @@SESSION.SQL_LOG_BIN = @MYSQLDUMP_TEMP_LOG_BIN;
/*!40103 SET TIME_ZONE=@OLD_TIME_ZONE */;

/*!40101 SET SQL_MODE=@OLD_SQL_MODE */;
/*!40014 SET FOREIGN_KEY_CHECKS=@OLD_FOREIGN_KEY_CHECKS */;
/*!40014 SET UNIQUE_CHECKS=@OLD_UNIQUE_CHECKS */;
/*!40101 SET CHARACTER_SET_CLIENT=@OLD_CHARACTER_SET_CLIENT */;
/*!40101 SET CHARACTER_SET_RESULTS=@OLD_CHARACTER_SET_RESULTS */;
/*!40101 SET COLLATION_CONNECTION=@OLD_COLLATION_CONNECTION */;
/*!40111 SET SQL_NOTES=@OLD_SQL_NOTES */;

-- Dump completed on 2024-11-25 19:20:41
